Sample.Time,Time,Sample,Colony,Community,Treatment,Repli,C.SH,D.SH,tot.SH,logTot.SH,logC.SH,logD.SH,D.Prp,ID
T0_S1-10,T0,S1-10,S1,DC,C,R1,8.91E-005,1.73E-004,2.62E-004,-3.5813,-4.0501,-3.7616,0.6603,T0_S1-10.P03_Ssid_T0_C_R1.csv
T0_S1-26,T0,S1-26,S1,C,C,R1,1.42E-004,0.00E+000,1.42E-004,-3.8480,-3.8480,NA,0.0000,T0_S1-26.P03_Ssid_T0_C_R1.csv
T0_S2-11,T0,S2-11,S2,D,C,R1,0.00E+000,5.02E-004,5.02E-004,-3.2995,NA,-3.2995,1.0000,T0_S2-11.P03_Ssid_T0_C_R1.csv
T0_S2-22,T0,S2-22,S2,D,C,R1,0.00E+000,4.27E-004,4.27E-004,-3.3700,NA,-3.3700,1.0000,T0_S2-22.P03_Ssid_T0_C_R1.csv
T0_S3-18,T0,S3-18,S3,D,C,R1,1.46E-005,3.47E-004,3.62E-004,-3.4418,-4.8362,-3.4596,0.9597,T0_S3-18.P03_Ssid_T0_C_R1.csv
T0_S3-29,T0,S3-29,S3,D,C,R1,1.73E-005,4.19E-004,4.36E-004,-3.3604,-4.7620,-3.3779,0.9603,T0_S3-29.P03_Ssid_T0_C_R1.csv
T0_S4-12,T0,S4-12,S4,DC,C,R1,4.03E-004,8.40E-004,1.24E-003,-2.9053,-3.3945,-3.0755,0.6758,T0_S4-12.P03_Ssid_T0_C_R1.csv
T0_S4-8,T0,S4-8,S4,DC,C,R1,1.50E-004,3.99E-004,5.49E-004,-3.2604,-3.8235,-3.3991,0.7266,T0_S4-8.P03_Ssid_T0_C_R1.csv
T0_S5-24,T0,S5-24,S5,D,C,R1,2.93E-006,5.17E-004,5.20E-004,-3.2841,-5.5332,-3.2865,0.9944,T0_S5-24.P03_Ssid_T0_C_R1.csv
T0_S5-9,T0,S5-9,S5,D,C,R1,1.07E-004,2.55E-003,2.65E-003,-2.5762,-3.9698,-2.5941,0.9596,T0_S5-9.P03_Ssid_T0_C_R1.csv
T0_S6-20,T0,S6-20,S6,D,C,R1,0.00E+000,1.99E-003,1.99E-003,-2.7009,NA,-2.7009,1.0000,T0_S6-20.P03_Ssid_T0_C_R1.csv
T0_S6-5,T0,S6-5,S6,D,C,R1,4.61E-006,8.71E-004,8.76E-004,-3.0576,-5.3359,-3.0599,0.9947,T0_S6-5.P03_Ssid_T0_C_R1.csv
T0_S1-13,T0,S1-13,S1,C,C,R2,6.09E-005,2.24E-006,6.31E-005,-4.1998,-4.2155,-5.6500,0.0355,T0_S1-13.P14_Ssid_T0_C_R2.csv
T0_S1-23,T0,S1-23,S1,DC,C,R2,7.05E-006,4.98E-005,5.68E-005,-4.2456,-5.1518,-4.3032,0.8759,T0_S1-23.P14_Ssid_T0_C_R2.csv
T0_S2-10,T0,S2-10,S2,D,C,R2,4.17E-007,2.97E-004,2.97E-004,-3.5268,-6.3797,-3.5274,0.9986,T0_S2-10.P14_Ssid_T0_C_R2.csv
T0_S2-2,T0,S2-2,S2,D,C,R2,0.00E+000,3.66E-004,3.66E-004,-3.4363,NA,-3.4363,1.0000,T0_S2-2.P14_Ssid_T0_C_R2.csv
T0_S3-20,T0,S3-20,S3,D,C,R2,2.76E-005,5.69E-004,5.97E-004,-3.2240,-4.5594,-3.2446,0.9538,T0_S3-20.P14_Ssid_T0_C_R2.csv
T0_S3-4,T0,S3-4,S3,DC,C,R2,1.37E-004,4.22E-004,5.59E-004,-3.2525,-3.8641,-3.3743,0.7554,T0_S3-4.P14_Ssid_T0_C_R2.csv
T0_S4-24,T0,S4-24,S4,DC,C,R2,1.57E-004,4.00E-004,5.57E-004,-3.2544,-3.8053,-3.3979,0.7187,T0_S4-24.P14_Ssid_T0_C_R2.csv
T0_S4-3,T0,S4-3,S4,DC,C,R2,3.47E-004,5.61E-004,9.08E-004,-3.0418,-3.4594,-3.2510,0.6177,T0_S4-3.P14_Ssid_T0_C_R2.csv
T0_S5-10,T0,S5-10,S5,D,C,R2,1.40E-005,2.04E-004,2.18E-004,-3.6614,-4.8530,-3.6903,0.9357,T0_S5-10.P19_Ssid_T0_N_R2.csv
T0_S5-15,T0,S5-15,S5,D,C,R2,2.15E-007,3.48E-004,3.48E-004,-3.4579,-6.6666,-3.4582,0.9994,T0_S5-15.P14_Ssid_T0_C_R2.csv
T0_S6-23,T0,S6-23,S6,D,C,R2,0.00E+000,9.68E-004,9.68E-004,-3.0141,NA,-3.0141,1.0000,T0_S6-23.P16_Ssid_T2_C_R2.csv
T0_S6-26,T0,S6-26,S6,D,C,R2,3.70E-007,9.96E-004,9.96E-004,-3.0016,-6.4316,-3.0018,0.9996,T0_S6-26.P45_Ssid_ReRuns.csv
T0_S1-21,T0,S1-21,S1,D,CO2,R1,9.64E-006,2.23E-004,2.32E-004,-3.6336,-5.0160,-3.6520,0.9585,T0_S1-21.P18_Ssid_T1_N_R1.csv
T0_S1-29,T0,S1-29,S1,D,CO2,R1,1.42E-006,8.94E-005,9.09E-005,-4.0416,-5.8475,-4.0485,0.9844,T0_S1-29.P18_Ssid_T1_N_R1.csv
T0_S2-19,T0,S2-19,S2,D,CO2,R1,1.60E-007,1.69E-004,1.69E-004,-3.7726,-6.7947,-3.7730,0.9990,T0_S2-19.P18_Ssid_T1_N_R1.csv
T0_S2-6,T0,S2-6,S2,D,CO2,R1,0.00E+000,2.19E-004,2.19E-004,-3.6598,NA,-3.6598,1.0000,T0_S2-6.P18_Ssid_T1_N_R1.csv
T0_S3-22,T0,S3-22,S3,D,CO2,R1,2.42E-005,4.71E-004,4.95E-004,-3.3051,-4.6158,-3.3269,0.9511,T0_S3-22.P19_Ssid_T0_N_R2.csv
T0_S3-31,T0,S3-31,S3,D,CO2,R1,1.49E-005,2.34E-004,2.49E-004,-3.6046,-4.8280,-3.6314,0.9402,T0_S3-31.P19_Ssid_T0_N_R2.csv
T0_S4-23,T0,S4-23,S4,DC,CO2,R1,2.03E-004,4.15E-004,6.19E-004,-3.2085,-3.6918,-3.3815,0.6714,T0_S4-23.P20_Ssid_T1_N_R2.csv
T0_S4-5,T0,S4-5,S4,DC,CO2,R1,2.04E-004,2.76E-004,4.81E-004,-3.3181,-3.6894,-3.5586,0.5747,T0_S4-5.P20_Ssid_T1_N_R2.csv
T0_S5-20,T0,S5-20,S5,D,CO2,R1,0.00E+000,2.37E-004,2.37E-004,-3.6250,NA,-3.6250,1.0000,T0_S5-20.P21_Ssid_T2_N_R2.csv
T0_S5-4,T0,S5-4,S5,D,CO2,R1,1.24E-007,2.35E-004,2.35E-004,-3.6284,-6.9064,-3.6286,0.9995,T0_S5-4.P20_Ssid_T1_N_R2.csv
T0_S6-19,T0,S6-19,S6,D,CO2,R1,0.00E+000,3.83E-004,3.83E-004,-3.4173,NA,-3.4173,1.0000,T0_S6-19.P21_Ssid_T2_N_R2.csv
T0_S6-4,T0,S6-4,S6,D,CO2,R1,6.97E-007,3.37E-004,3.38E-004,-3.4709,-6.1569,-3.4718,0.9979,T0_S6-4.P21_Ssid_T2_N_R2.csv
T0_S1-20,T0,S1-20,S1,D,CO2,R2,1.03E-006,1.01E-004,1.02E-004,-3.9922,-5.9885,-3.9966,0.9899,T0_S1-20.P47_Ssid_T0_CO2_R2.csv
T0_S1-3,T0,S1-3,S1,D,CO2,R2,3.65E-006,3.75E-005,4.12E-005,-4.3856,-5.4375,-4.4259,0.9113,T0_S1-3.P47_Ssid_T0_CO2_R2.csv
T0_S2-27,T0,S2-27,S2,D,CO2,R2,0.00E+000,1.81E-004,1.81E-004,-3.7423,NA,-3.7423,1.0000,T0_S2-27.P47_Ssid_T0_CO2_R2.csv
T0_S2-5,T0,S2-5,S2,D,CO2,R2,0.00E+000,3.75E-004,3.75E-004,-3.4260,NA,-3.4260,1.0000,T0_S2-5.P47_Ssid_T0_CO2_R2.csv
T0_S3-15,T0,S3-15,S3,D,CO2,R2,4.29E-006,8.37E-004,8.42E-004,-3.0749,-5.3677,-3.0771,0.9949,T0_S3-15.P47_Ssid_T0_CO2_R2.csv
T0_S3-24,T0,S3-24,S3,D,CO2,R2,4.14E-006,4.99E-004,5.04E-004,-3.2980,-5.3834,-3.3015,0.9918,T0_S3-24.P47_Ssid_T0_CO2_R2.csv
T0_S4-20,T0,S4-20,S4,D,CO2,R2,2.37E-006,1.16E-004,1.19E-004,-3.9251,-5.6255,-3.9339,0.9801,T0_S4-20.P47_Ssid_T0_CO2_R2.csv
T0_S4-6,T0,S4-6,S4,DC,CO2,R2,1.40E-005,1.08E-004,1.22E-004,-3.9130,-4.8535,-3.9659,0.8853,T0_S4-6.P47_Ssid_T0_CO2_R2.csv
T0_S5-16,T0,S5-16,S5,D,CO2,R2,4.49E-007,2.05E-004,2.05E-004,-3.6883,-6.3481,-3.6893,0.9978,T0_S5-16.P47_Ssid_T0_CO2_R2.csv
T0_S5-26,T0,S5-26,S5,D,CO2,R2,3.76E-007,2.41E-004,2.41E-004,-3.6177,-6.4252,-3.6184,0.9984,T0_S5-26.P47_Ssid_T0_CO2_R2.csv
T0_S6-2,T0,S6-2,S6,D,CO2,R2,1.55E-007,3.41E-004,3.41E-004,-3.4668,-6.8099,-3.4670,0.9995,T0_S6-2.P47_Ssid_T0_CO2_R2.csv
T0_S6-22,T0,S6-22,S6,D,CO2,R2,0.00E+000,3.05E-004,3.05E-004,-3.5155,NA,-3.5155,1.0000,T0_S6-22.P47_Ssid_T0_CO2_R2.csv
T0_S1-19,T0,S1-19,S1,D,D,R1,1.14E-006,2.18E-004,2.19E-004,-3.6589,-5.9420,-3.6612,0.9948,T0_S1-19.P37_Ssid_T0_D_R1-2.csv
T0_S1-4,T0,S1-4,S1,DC,D,R1,4.76E-005,2.34E-004,2.82E-004,-3.5496,-4.3220,-3.6299,0.8311,T0_S1-4.P37_Ssid_T0_D_R1-2.csv
T0_S2-20,T0,S2-20,S2,D,D,R1,0.00E+000,5.50E-004,5.50E-004,-3.2596,NA,-3.2596,1.0000,T0_S2-20.P37_Ssid_T0_D_R1-2.csv
T0_S2-29,T0,S2-29,S2,D,D,R1,0.00E+000,5.43E-004,5.43E-004,-3.2653,NA,-3.2653,1.0000,T0_S2-29.P37_Ssid_T0_D_R1-2.csv
T0_S3-19,T0,S3-19,S3,D,D,R1,1.96E-005,2.83E-004,3.03E-004,-3.5184,-4.7079,-3.5475,0.9354,T0_S3-19.P37_Ssid_T0_D_R1-2.csv
T0_S3-3,T0,S3-3,S3,D,D,R1,1.90E-005,3.17E-004,3.36E-004,-3.4742,-4.7218,-3.4995,0.9434,T0_S3-3.P45_Ssid_ReRuns.csv
T0_S4-21,T0,S4-21,S4,D,D,R1,2.24E-005,2.81E-004,3.03E-004,-3.5184,-4.6502,-3.5517,0.9262,T0_S4-21.P37_Ssid_T0_D_R1-2.csv
T0_S4-30,T0,S4-30,S4,D,D,R1,6.58E-006,3.49E-004,3.56E-004,-3.4491,-5.1820,-3.4572,0.9815,T0_S4-30.P37_Ssid_T0_D_R1-2.csv
T0_S5-22,T0,S5-22,S5,D,D,R1,0.00E+000,6.25E-004,6.25E-004,-3.2043,NA,-3.2043,1.0000,T0_S5-22.P37_Ssid_T0_D_R1-2.csv
T0_S5-3,T0,S5-3,S5,D,D,R1,0.00E+000,3.50E-004,3.50E-004,-3.4560,NA,-3.4560,1.0000,T0_S5-3.P37_Ssid_T0_D_R1-2.csv
T0_S6-14,T0,S6-14,S6,D,D,R1,1.93E-006,1.49E-003,1.50E-003,-2.8252,-5.7150,-2.8258,0.9987,T0_S6-14.P37_Ssid_T0_D_R1-2.csv
T0_S6-9,T0,S6-9,S6,D,D,R1,0.00E+000,4.26E-004,4.26E-004,-3.3708,NA,-3.3708,1.0000,T0_S6-9.P37_Ssid_T0_D_R1-2.csv
T0_S1-22,T0,S1-22,S1,DC,D,R2,1.45E-005,4.28E-005,5.73E-005,-4.2417,-4.8372,-4.3689,0.7462,T0_S1-22.P37_Ssid_T0_D_R1-2.csv
T0_S1-7,T0,S1-7,S1,D,D,R2,1.57E-006,5.82E-005,5.98E-005,-4.2236,-5.8039,-4.2352,0.9737,T0_S1-7.P37_Ssid_T0_D_R1-2.csv
T0_S2-1,T0,S2-1,S2,D,D,R2,8.43E-008,2.50E-004,2.50E-004,-3.6014,-7.0743,-3.6016,0.9997,T0_S2-1.P45_Ssid_ReRuns.csv
T0_S2-15,T0,S2-15,S2,D,D,R2,0.00E+000,2.87E-004,2.87E-004,-3.5421,NA,-3.5421,1.0000,T0_S2-15.P37_Ssid_T0_D_R1-2.csv
T0_S3-27,T0,S3-27,S3,D,D,R2,5.95E-007,1.73E-004,1.74E-004,-3.7604,-6.2254,-3.7619,0.9966,T0_S3-27.P37_Ssid_T0_D_R1-2.csv
T0_S3-9,T0,S3-9,S3,DC,D,R2,6.90E-005,1.96E-004,2.65E-004,-3.5764,-4.1613,-3.7072,0.7400,T0_S3-9.P37_Ssid_T0_D_R1-2.csv
T0_S4-14,T0,S4-14,S4,DC,D,R2,9.48E-005,2.68E-004,3.63E-004,-3.4407,-4.0231,-3.5723,0.7385,T0_S4-14.P37_Ssid_T0_D_R1-2.csv
T0_S4-25,T0,S4-25,S4,D,D,R2,1.22E-005,2.18E-004,2.30E-004,-3.6381,-4.9122,-3.6618,0.9468,T0_S4-25.P37_Ssid_T0_D_R1-2.csv
T0_S5-6,T0,S5-6,S5,D,D,R2,0.00E+000,1.81E-004,1.81E-004,-3.7430,NA,-3.7430,1.0000,T0_S5-6.P37_Ssid_T0_D_R1-2.csv
T0_S6-11,T0,S6-11,S6,D,D,R2,1.17E-007,1.20E-004,1.20E-004,-3.9217,-6.9333,-3.9221,0.9990,T0_S6-11.P45_Ssid_ReRuns.csv
T0_S6-17,T0,S6-17,S6,D,D,R2,0.00E+000,4.20E-004,4.20E-004,-3.3769,NA,-3.3769,1.0000,T0_S6-17.P37_Ssid_T0_D_R1-2.csv
T0_S1-6,T0,S1-6,S1,DC,Fe,R1,1.81E-005,8.17E-005,9.98E-005,-4.0009,-4.7419,-4.0879,0.8184,T0_S1-6.P36_Ssid_T0_Fe_R1-2.csv
T0_S1-9,T0,S1-9,S1,D,Fe,R1,5.57E-006,6.58E-005,7.14E-005,-4.1463,-5.2540,-4.1816,0.9220,T0_S1-9.P36_Ssid_T0_Fe_R1-2.csv
T0_S2-16,T0,S2-16,S2,D,Fe,R1,0.00E+000,4.00E-004,4.00E-004,-3.3982,NA,-3.3982,1.0000,T0_S2-16.P40ER15_Ssid_T0T3_CO2_R1-2.csv
T0_S2-25,T0,S2-25,S2,D,Fe,R1,0.00E+000,1.64E-004,1.64E-004,-3.7840,NA,-3.7840,1.0000,T0_S2-25.P36_Ssid_T0_Fe_R1-2.csv
T0_S3-12,T0,S3-12,S3,D,Fe,R1,9.47E-006,4.36E-004,4.46E-004,-3.3509,-5.0236,-3.3602,0.9788,T0_S3-12.P40ER15_Ssid_T0T3_CO2_R1-2.csv
T0_S3-6,T0,S3-6,S3,DC,Fe,R1,7.18E-005,5.49E-004,6.20E-004,-3.2074,-4.1440,-3.2608,0.8843,T0_S3-6.P40ER15_Ssid_T0T3_CO2_R1-2.csv
T0_S4-11,T0,S4-11,S4,DC,Fe,R1,1.36E-004,7.88E-004,9.24E-004,-3.0343,-3.8658,-3.1035,0.8526,T0_S4-11.P36_Ssid_T0_Fe_R1-2.csv
T0_S4-9,T0,S4-9,S4,DC,Fe,R1,7.06E-004,6.90E-004,1.40E-003,-2.8550,-3.1510,-3.1611,0.4942,T0_S4-9.P36_Ssid_T0_Fe_R1-2.csv
T0_S5-14,T0,S5-14,S5,D,Fe,R1,0.00E+000,7.84E-004,7.84E-004,-3.1060,NA,-3.1060,1.0000,T0_S5-14.P36_Ssid_T0_Fe_R1-2.csv
T0_S5-25,T0,S5-25,S5,D,Fe,R1,2.16E-006,5.06E-004,5.08E-004,-3.2940,-5.6650,-3.2958,0.9957,T0_S5-25.P36_Ssid_T0_Fe_R1-2.csv
T0_S6-1,T0,S6-1,S6,D,Fe,R1,5.90E-006,1.32E-003,1.33E-003,-2.8773,-5.2294,-2.8792,0.9956,T0_S6-1.P36_Ssid_T0_Fe_R1-2.csv
T0_S6-12,T0,S6-12,S6,D,Fe,R1,1.66E-004,1.69E-002,1.71E-002,-1.7670,-3.7803,-1.7712,0.9903,T0_S6-12.P36_Ssid_T0_Fe_R1-2.csv
T0_S1-12,T0,S1-12,S1,C,Fe,R2,5.50E-005,8.77E-007,5.59E-005,-4.2529,-4.2598,-6.0568,0.0157,T0_S1-12.P36_Ssid_T0_Fe_R1-2.csv
T0_S1-16,T0,S1-16,S1,DC,Fe,R2,5.84E-005,7.31E-005,1.32E-004,-3.8808,-4.2333,-4.1358,0.5558,T0_S1-16.P36_Ssid_T0_Fe_R1-2.csv
T0_S2-31,T0,S2-31,S2,D,Fe,R2,3.34E-007,4.92E-004,4.93E-004,-3.3073,-6.4760,-3.3076,0.9993,T0_S2-31.P36_Ssid_T0_Fe_R1-2.csv
T0_S2-4,T0,S2-4,S2,D,Fe,R2,3.34E-007,2.55E-004,2.55E-004,-3.5926,-6.4758,-3.5932,0.9987,T0_S2-4.P36_Ssid_T0_Fe_R1-2.csv
T0_S3-11,T0,S3-11,S3,DC,Fe,R2,1.66E-004,1.21E-003,1.38E-003,-2.8611,-3.7805,-2.9169,0.8796,T0_S3-11.P36_Ssid_T0_Fe_R1-2.csv
T0_S3-7,T0,S3-7,S3,DC,Fe,R2,2.89E-004,6.70E-004,9.59E-004,-3.0180,-3.5388,-3.1738,0.6985,T0_S3-7.P36_Ssid_T0_Fe_R1-2.csv
T0_S4-26,T0,S4-26,S4,D,Fe,R2,4.58E-005,4.88E-004,5.34E-004,-3.2724,-4.3390,-3.3114,0.9142,T0_S4-26.P36_Ssid_T0_Fe_R1-2.csv
T0_S4-28,T0,S4-28,S4,D,Fe,R2,5.10E-006,3.67E-004,3.72E-004,-3.4298,-5.2923,-3.4358,0.9863,T0_S4-28.P36_Ssid_T0_Fe_R1-2.csv
T0_S5-13,T0,S5-13,S5,D,Fe,R2,0.00E+000,4.63E-004,4.63E-004,-3.3346,NA,-3.3346,1.0000,T0_S5-13.P36_Ssid_T0_Fe_R1-2.csv
T0_S5-23,T0,S5-23,S5,D,Fe,R2,3.79E-006,4.54E-004,4.58E-004,-3.3391,-5.4219,-3.3427,0.9917,T0_S5-23.P36_Ssid_T0_Fe_R1-2.csv
T0_S6-15,T0,S6-15,S6,D,Fe,R2,2.82E-006,4.72E-004,4.75E-004,-3.3233,-5.5501,-3.3259,0.9941,T0_S6-15.P36_Ssid_T0_Fe_R1-2.csv
T0_S6-21,T0,S6-21,S6,D,Fe,R2,0.00E+000,2.04E-004,2.04E-004,-3.6908,NA,-3.6908,1.0000,T0_S6-21.P36_Ssid_T0_Fe_R1-2.csv
T0_S1-17,T0,S1-17,S1,D,N,R1,5.10E-006,6.86E-005,7.37E-005,-4.1324,-5.2924,-4.1635,0.9308,T0_S1-17.P17_Ssid_T0_N_R1.csv
T0_S1-25,T0,S1-25,S1,C,N,R1,6.33E-005,0.00E+000,6.33E-005,-4.1987,-4.1987,NA,0.0000,T0_S1-25.P17_Ssid_T0_N_R1.csv
T0_S2-21,T0,S2-21,S2,D,N,R1,0.00E+000,1.91E-004,1.91E-004,-3.7199,NA,-3.7199,1.0000,T0_S2-21.P17_Ssid_T0_N_R1.csv
T0_S2-24,T0,S2-24,S2,D,N,R1,0.00E+000,2.68E-004,2.68E-004,-3.5714,NA,-3.5714,1.0000,T0_S2-24.P17_Ssid_T0_N_R1.csv
T0_S3-10,T0,S3-10,S3,D,N,R1,2.47E-005,2.67E-004,2.92E-004,-3.5349,-4.6079,-3.5732,0.9155,T0_S3-10.P17_Ssid_T0_N_R1.csv
T0_S3-8,T0,S3-8,S3,DC,N,R1,2.24E-004,4.18E-004,6.42E-004,-3.1922,-3.6490,-3.3788,0.6507,T0_S3-8.P17_Ssid_T0_N_R1.csv
T0_S4-19,T0,S4-19,S4,DC,N,R1,7.41E-005,3.07E-004,3.81E-004,-3.4193,-4.1303,-3.5132,0.8055,T0_S4-19.P27_Ssid_T1_NP_R2.csv
T0_S4-29,T0,S4-29,S4,D,N,R1,5.51E-005,6.37E-004,6.92E-004,-3.1597,-4.2592,-3.1957,0.9205,T0_S4-29.P17_Ssid_T0_N_R1.csv
T0_S5-11,T0,S5-11,S5,D,N,R1,0.00E+000,1.93E-004,1.93E-004,-3.7137,NA,-3.7137,1.0000,T0_S5-11.P17_Ssid_T0_N_R1.csv
T0_S5-7,T0,S5-7,S5,D,N,R1,1.65E-007,3.14E-004,3.14E-004,-3.5026,-6.7821,-3.5028,0.9995,T0_S5-7.P45_Ssid_ReRuns.csv
T0_S6-24,T0,S6-24,S6,D,N,R1,9.53E-007,4.31E-004,4.32E-004,-3.3645,-6.0211,-3.3654,0.9978,T0_S6-24.P45_Ssid_ReRuns.csv
T0_S6-28,T0,S6-28,S6,D,N,R1,1.25E-006,5.15E-004,5.16E-004,-3.2870,-5.9041,-3.2880,0.9976,T0_S6-28.P17_Ssid_T0_N_R1.csv
T0_S1-30,T0,S1-30,S1,DC,N,R2,1.11E-005,2.54E-005,3.65E-005,-4.4373,-4.9544,-4.5947,0.6960,T0_S1-30.P19_Ssid_T0_N_R2.csv
T0_S1-8,T0,S1-8,S1,D,N,R2,9.07E-006,9.33E-005,1.02E-004,-3.9898,-5.0423,-4.0301,0.9114,T0_S1-8.P19_Ssid_T0_N_R2.csv
T0_S2-18,T0,S2-18,S2,D,N,R2,0.00E+000,3.94E-004,3.94E-004,-3.4043,NA,-3.4043,1.0000,T0_S2-18.P19_Ssid_T0_N_R2.csv
T0_S2-7,T0,S2-7,S2,D,N,R2,0.00E+000,3.73E-004,3.73E-004,-3.4285,NA,-3.4285,1.0000,T0_S2-7.P19_Ssid_T0_N_R2.csv
T0_S3-25,T0,S3-25,S3,D,N,R2,4.04E-006,7.61E-004,7.65E-004,-3.1166,-5.3941,-3.1189,0.9947,T0_S3-25.P19_Ssid_T0_N_R2.csv
T0_S3-30,T0,S3-30,S3,D,N,R2,2.99E-005,8.68E-004,8.98E-004,-3.0466,-4.5247,-3.0613,0.9667,T0_S3-30.P19_Ssid_T0_N_R2.csv
T0_S4-22,T0,S4-22,S4,DC,N,R2,2.05E-004,5.37E-004,7.42E-004,-3.1295,-3.6884,-3.2698,0.7239,T0_S4-22.P19_Ssid_T0_N_R2.csv
T0_S4-7,T0,S4-7,S4,DC,N,R2,1.55E-004,5.17E-004,6.72E-004,-3.1727,-3.8108,-3.2862,0.7699,T0_S4-7.P19_Ssid_T0_N_R2.csv
T0_S5-17,T0,S5-17,S5,D,N,R2,6.15E-006,1.32E-003,1.32E-003,-2.8782,-5.2114,-2.8802,0.9954,T0_S5-17.P19_Ssid_T0_N_R2.csv
T0_S5-18,T0,S5-18,S5,D,N,R2,6.53E-005,1.69E-003,1.75E-003,-2.7567,-4.1851,-2.7732,0.9627,T0_S5-18.P19_Ssid_T0_N_R2.csv
T0_S6-27,T0,S6-27,S6,D,N,R2,6.42E-007,1.69E-003,1.69E-003,-2.7717,-6.1925,-2.7719,0.9996,T0_S6-27.P19_Ssid_T0_N_R2.csv
T0_S6-29,T0,S6-29,S6,D,N,R2,0.00E+000,1.70E-003,1.70E-003,-2.7707,NA,-2.7707,1.0000,T0_S6-29.P19_Ssid_T0_N_R2.csv
T0_S1-15,T0,S1-15,S1,DC,NP,R1,6.53E-005,8.67E-006,7.39E-005,-4.1312,-4.1854,-5.0618,0.1173,T0_S1-15.P40ER15_Ssid_T0T3_CO2_R1-2.csv
T0_S1-24,T0,S1-24,S1,C,NP,R1,6.52E-003,0.00E+000,6.52E-003,-2.1856,-2.1856,NA,0.0000,T0_S1-24.P34_Ssid_T0_NP_R1-2.csv
T0_S2-3,T0,S2-3,S2,D,NP,R1,0.00E+000,4.49E-003,4.49E-003,-2.3478,NA,-2.3478,1.0000,T0_S2-3.P34_Ssid_T0_NP_R1-2.csv
T0_S2-9,T0,S2-9,S2,D,NP,R1,0.00E+000,4.76E-004,4.76E-004,-3.3227,NA,-3.3227,1.0000,T0_S2-9.P34_Ssid_T0_NP_R1-2.csv
T0_S3-21,T0,S3-21,S3,D,NP,R1,3.52E-005,9.02E-004,9.37E-004,-3.0282,-4.4534,-3.0448,0.9624,T0_S3-21.P34_Ssid_T0_NP_R1-2.csv
T0_S3-26,T0,S3-26,S3,D,NP,R1,1.23E-005,3.05E-003,3.06E-003,-2.5142,-4.9099,-2.5160,0.9960,T0_S3-26.P34_Ssid_T0_NP_R1-2.csv
T0_S4-1,T0,S4-1,S4,DC,NP,R1,4.68E-004,2.31E-004,6.99E-004,-3.1556,-3.3300,-3.6362,0.3307,T0_S4-1.P34_Ssid_T0_NP_R1-2.csv
T0_S4-2,T0,S4-2,S4,DC,NP,R1,2.56E-004,3.16E-004,5.71E-004,-3.2431,-3.5921,-3.5009,0.5523,T0_S4-2.P34_Ssid_T0_NP_R1-2.csv
T0_S5-1,T0,S5-1,S5,D,NP,R1,4.49E-006,1.31E-003,1.31E-003,-2.8818,-5.3473,-2.8833,0.9966,T0_S5-1.P34_Ssid_T0_NP_R1-2.csv
T0_S5-12,T0,S5-12,S5,D,NP,R1,0.00E+000,2.58E-004,2.58E-004,-3.5881,NA,-3.5881,1.0000,T0_S5-12.P45_Ssid_ReRuns.csv
T0_S6-18,T0,S6-18,S6,D,NP,R1,0.00E+000,3.61E-003,3.61E-003,-2.4427,NA,-2.4427,1.0000,T0_S6-18.P34_Ssid_T0_NP_R1-2.csv
T0_S6-3,T0,S6-3,S6,D,NP,R1,2.65E-006,1.16E-003,1.16E-003,-2.9359,-5.5773,-2.9369,0.9977,T0_S6-3.P34_Ssid_T0_NP_R1-2.csv
T0_S1-11,T0,S1-11,S1,DC,NP,R2,6.13E-005,1.11E-005,7.24E-005,-4.1403,-4.2127,-4.9541,0.1535,T0_S1-11.P34_Ssid_T0_NP_R1-2.csv
T0_S1-14,T0,S1-14,S1,C,NP,R2,3.10E-005,1.98E-007,3.12E-005,-4.5063,-4.5091,-6.7030,0.0064,T0_S1-14.P34_Ssid_T0_NP_R1-2.csv
T0_S2-13,T0,S2-13,S2,D,NP,R2,0.00E+000,2.88E-004,2.88E-004,-3.5402,NA,-3.5402,1.0000,T0_S2-13.P34_Ssid_T0_NP_R1-2.csv
T0_S2-8,T0,S2-8,S2,D,NP,R2,0.00E+000,3.52E-004,3.52E-004,-3.4540,NA,-3.4540,1.0000,T0_S2-8.P34_Ssid_T0_NP_R1-2.csv
T0_S3-17,T0,S3-17,S3,D,NP,R2,1.03E-004,1.34E-003,1.45E-003,-2.8400,-3.9853,-2.8723,0.9284,T0_S3-17.P34_Ssid_T0_NP_R1-2.csv
T0_S3-2,T0,S3-2,S3,D,NP,R2,1.70E-005,8.60E-004,8.77E-004,-3.0572,-4.7700,-3.0657,0.9806,T0_S3-2.P34_Ssid_T0_NP_R1-2.csv
T0_S4-16,T0,S4-16,S4,D,NP,R2,4.89E-005,7.52E-004,8.01E-004,-3.0966,-4.3110,-3.1240,0.9390,T0_S4-16.P34_Ssid_T0_NP_R1-2.csv
T0_S4-4,T0,S4-4,S4,DC,NP,R2,1.04E-004,4.58E-004,5.62E-004,-3.2505,-3.9822,-3.3396,0.8145,T0_S4-4.P34_Ssid_T0_NP_R1-2.csv
T0_S5-2,T0,S5-2,S5,D,NP,R2,0.00E+000,8.77E-004,8.77E-004,-3.0569,NA,-3.0569,1.0000,T0_S5-2.P34_Ssid_T0_NP_R1-2.csv
T0_S5-8,T0,S5-8,S5,D,NP,R2,4.97E-006,8.77E-004,8.82E-004,-3.0546,-5.3040,-3.0571,0.9944,T0_S5-8.P34_Ssid_T0_NP_R1-2.csv
T0_S6-31,T0,S6-31,S6,D,NP,R2,0.00E+000,9.17E-004,9.17E-004,-3.0377,NA,-3.0377,1.0000,T0_S6-31.P34_Ssid_T0_NP_R1-2.csv
T0_S6-8,T0,S6-8,S6,D,NP,R2,0.00E+000,1.89E-003,1.89E-003,-2.7242,NA,-2.7242,1.0000,T0_S6-8.P34_Ssid_T0_NP_R1-2.csv
T0_S1-18,T0,S1-18,S1,D,NPF,R1,5.09E-006,4.30E-004,4.35E-004,-3.3612,-5.2935,-3.3663,0.9883,T0_S1-18.P35_Ssid_T0_NPF_R1-2.csv
T0_S1-5,T0,S1-5,S1,DC,NPF,R1,4.47E-005,2.21E-004,2.66E-004,-3.5753,-4.3496,-3.6552,0.8319,T0_S1-5.P35_Ssid_T0_NPF_R1-2.csv
T0_S2-28,T0,S2-28,S2,D,NPF,R1,0.00E+000,1.99E-004,1.99E-004,-3.7016,NA,-3.7016,1.0000,T0_S2-28.P35_Ssid_T0_NPF_R1-2.csv
T0_S2-30,T0,S2-30,S2,D,NPF,R1,0.00E+000,2.67E-004,2.67E-004,-3.5727,NA,-3.5727,1.0000,T0_S2-30.P35_Ssid_T0_NPF_R1-2.csv
T0_S3-1,T0,S3-1,S3,D,NPF,R1,4.76E-005,5.30E-004,5.77E-004,-3.2386,-4.3225,-3.2760,0.9176,T0_S3-1.P35_Ssid_T0_NPF_R1-2.csv
T0_S3-28,T0,S3-28,S3,D,NPF,R1,2.69E-005,6.75E-004,7.02E-004,-3.1537,-4.5701,-3.1707,0.9617,T0_S3-28.P35_Ssid_T0_NPF_R1-2.csv
T0_S4-10,T0,S4-10,S4,DC,NPF,R1,1.01E-004,4.57E-004,5.58E-004,-3.2531,-3.9944,-3.3400,0.8186,T0_S4-10.P35_Ssid_T0_NPF_R1-2.csv
T0_S4-17,T0,S4-17,S4,DC,NPF,R1,7.64E-005,6.08E-004,6.85E-004,-3.1646,-4.1169,-3.2160,0.8884,T0_S4-17.P35_Ssid_T0_NPF_R1-2.csv
T0_S5-27,T0,S5-27,S5,DC,NPF,R1,1.00E-004,3.98E-004,4.98E-004,-3.3028,-3.9989,-3.4004,0.7987,T0_S5-27.P35_Ssid_T0_NPF_R1-2.csv
T0_S5-5,T0,S5-5,S5,D,NPF,R1,0.00E+000,1.48E-004,1.48E-004,-3.8286,NA,-3.8286,1.0000,T0_S5-5.P45_Ssid_ReRuns.csv
T0_S6-13,T0,S6-13,S6,D,NPF,R1,9.21E-006,1.03E-002,1.03E-002,-1.9888,-5.0356,-1.9892,0.9991,T0_S6-13.P35_Ssid_T0_NPF_R1-2.csv
T0_S6-6,T0,S6-6,S6,D,NPF,R1,8.36E-006,1.33E-003,1.34E-003,-2.8727,-5.0776,-2.8754,0.9938,T0_S6-6.P35_Ssid_T0_NPF_R1-2.csv
T0_S1-2,T0,S1-2,S1,DC,NPF,R2,4.73E-004,1.19E-003,1.67E-003,-2.7783,-3.3248,-2.9235,0.7159,T0_S1-2.P35_Ssid_T0_NPF_R1-2.csv
T0_S1-28,T0,S1-28,S1,D,NPF,R2,7.79E-006,1.06E-004,1.14E-004,-3.9427,-5.1083,-3.9735,0.9317,T0_S1-28.P35_Ssid_T0_NPF_R1-2.csv
T0_S2-14,T0,S2-14,S2,D,NPF,R2,0.00E+000,3.85E-004,3.85E-004,-3.4148,NA,-3.4148,1.0000,T0_S2-14.P35_Ssid_T0_NPF_R1-2.csv
T0_S2-23,T0,S2-23,S2,D,NPF,R2,0.00E+000,2.52E-004,2.52E-004,-3.5983,NA,-3.5983,1.0000,T0_S2-23.P35_Ssid_T0_NPF_R1-2.csv
T0_S3-13,T0,S3-13,S3,D,NPF,R2,6.83E-005,1.35E-003,1.42E-003,-2.8478,-4.1658,-2.8692,0.9519,T0_S3-13.P35_Ssid_T0_NPF_R1-2.csv
T0_S3-16,T0,S3-16,S3,DC,NPF,R2,9.60E-005,6.54E-004,7.50E-004,-3.1251,-4.0178,-3.1846,0.8720,T0_S3-16.P35_Ssid_T0_NPF_R1-2.csv
T0_S4-13,T0,S4-13,S4,DC,NPF,R2,1.39E-004,8.68E-004,1.01E-003,-2.9971,-3.8571,-3.0616,0.8620,T0_S4-13.P35_Ssid_T0_NPF_R1-2.csv
T0_S4-18,T0,S4-18,S4,D,NPF,R2,6.14E-005,8.16E-004,8.77E-004,-3.0570,-4.2117,-3.0886,0.9300,T0_S4-18.P35_Ssid_T0_NPF_R1-2.csv
T0_S5-19,T0,S5-19,S5,D,NPF,R2,0.00E+000,5.87E-004,5.87E-004,-3.2313,NA,-3.2313,1.0000,T0_S5-19.P35_Ssid_T0_NPF_R1-2.csv
T0_S5-21,T0,S5-21,S5,D,NPF,R2,1.16E-005,7.75E-004,7.87E-004,-3.1041,-4.9359,-3.1105,0.9853,T0_S5-21.P35_Ssid_T0_NPF_R1-2.csv
T0_S6-10,T0,S6-10,S6,D,NPF,R2,1.74E-006,1.23E-003,1.23E-003,-2.9110,-5.7599,-2.9116,0.9986,T0_S6-10.P35_Ssid_T0_NPF_R1-2.csv
T0_S6-25,T0,S6-25,S6,D,NPF,R2,7.72E-007,4.76E-004,4.77E-004,-3.3218,-6.1121,-3.3225,0.9984,T0_S6-25.P35_Ssid_T0_NPF_R1-2.csv
T1_S1-10,T1,S1-10,S1,DC,C,R1,2.87E-005,3.38E-005,6.25E-005,-4.2044,-4.5420,-4.4717,0.5404,T1_S1-10.P14_Ssid_T0_C_R2.csv
T1_S1-26,T1,S1-26,S1,C,C,R1,4.43E-005,0.00E+000,4.43E-005,-4.3531,-4.3531,NA,0.0000,T1_S1-26.P14_Ssid_T0_C_R2.csv
T1_S2-11,T1,S2-11,S2,D,C,R1,0.00E+000,5.62E-004,5.62E-004,-3.2505,NA,-3.2505,1.0000,T1_S2-11.P14_Ssid_T0_C_R2.csv
T1_S2-22,T1,S2-22,S2,D,C,R1,2.69E-007,4.23E-004,4.23E-004,-3.3734,-6.5706,-3.3737,0.9994,T1_S2-22.P15_Ssid_T1_C_R2.csv
T1_S3-18,T1,S3-18,S3,DC,C,R1,8.93E-005,3.90E-004,4.84E-004,-3.3153,-4.0491,-3.4085,0.8068,T1_S3-18.P15_Ssid_T1_C_R2.csv
T1_S3-29,T1,S3-29,S3,DC,C,R1,1.75E-004,1.05E-003,1.23E-003,-2.9085,-3.7563,-2.9804,0.8474,T1_S3-29.P15_Ssid_T1_C_R2.csv
T1_S4-12,T1,S4-12,S4,DC,C,R1,6.66E-004,5.57E-004,1.22E-003,-2.9126,-3.1767,-3.2540,0.4557,T1_S4-12.P16_Ssid_T2_C_R2.csv
T1_S4-8,T1,S4-8,S4,DC,C,R1,5.40E-004,2.92E-004,8.33E-004,-3.0795,-3.2673,-3.5340,0.3511,T1_S4-8.P16_Ssid_T2_C_R2.csv
T1_S5-9,T1,S5-9,S5,D,C,R1,7.39E-005,1.23E-003,1.31E-003,-2.8837,-4.1314,-2.9090,0.9435,T1_S5-9.P16_Ssid_T2_C_R2.csv
T1_S1-13,T1,S1-13,S1,C,C,R2,5.08E-005,1.47E-006,5.22E-005,-4.2819,-4.2943,-5.8319,0.0282,T1_S1-13.P15_Ssid_T1_C_R2.csv
T1_S1-23,T1,S1-23,S1,DC,C,R2,6.09E-006,3.36E-005,3.97E-005,-4.4014,-5.2156,-4.4737,0.8466,T1_S1-23.P15_Ssid_T1_C_R2.csv
T1_S2-10,T1,S2-10,S2,D,C,R2,0.00E+000,4.95E-004,4.95E-004,-3.3057,NA,-3.3057,1.0000,T1_S2-10.P15_Ssid_T1_C_R2.csv
T1_S2-2,T1,S2-2,S2,D,C,R2,0.00E+000,5.08E-004,5.08E-004,-3.2942,NA,-3.2942,1.0000,T1_S2-2.P15_Ssid_T1_C_R2.csv
T1_S3-20,T1,S3-20,S3,D,C,R2,7.79E-005,8.22E-004,9.12E-004,-3.0399,-4.1085,-3.0852,0.9011,T1_S3-20.P15_Ssid_T1_C_R2.csv
T1_S3-4,T1,S3-4,S3,DC,C,R2,3.85E-004,5.59E-004,9.43E-004,-3.0253,-3.4151,-3.2526,0.5924,T1_S3-4.P15_Ssid_T1_C_R2.csv
T1_S4-24,T1,S4-24,S4,DC,C,R2,3.79E-004,5.73E-004,9.51E-004,-3.0216,-3.4219,-3.2419,0.6021,T1_S4-24.P15_Ssid_T1_C_R2.csv
T1_S4-3,T1,S4-3,S4,DC,C,R2,6.63E-004,6.83E-004,1.35E-003,-2.8709,-3.1782,-3.1657,0.5072,T1_S4-3.P15_Ssid_T1_C_R2.csv
T1_S5-10,T1,S5-10,S5,DC,C,R2,1.84E-004,5.33E-004,7.17E-004,-3.1445,-3.7346,-3.2735,0.7430,T1_S5-10.P15_Ssid_T1_C_R2.csv
T1_S5-15,T1,S5-15,S5,D,C,R2,6.18E-006,1.36E-003,1.37E-003,-2.8636,-5.2094,-2.8656,0.9955,T1_S5-15.P15_Ssid_T1_C_R2.csv
T1_S6-23,T1,S6-23,S6,D,C,R2,0.00E+000,1.80E-003,1.80E-003,-2.7447,NA,-2.7447,1.0000,T1_S6-23.P15_Ssid_T1_C_R2.csv
T1_S6-26,T1,S6-26,S6,D,C,R2,0.00E+000,1.01E-003,1.01E-003,-2.9944,NA,-2.9944,1.0000,T1_S6-26.P15_Ssid_T1_C_R2.csv
T1_S1-21,T1,S1-21,S1,DC,CO2,R1,1.49E-005,7.06E-005,8.55E-005,-4.0681,-4.8271,-4.1512,0.8258,T1_S1-21.P43_Ssid_T1_CO2_R1-2.csv
T1_S1-29,T1,S1-29,S1,D,CO2,R1,7.15E-006,6.95E-005,7.66E-005,-4.1156,-5.1460,-4.1581,0.9068,T1_S1-29.P43_Ssid_T1_CO2_R1-2.csv
T1_S2-19,T1,S2-19,S2,D,CO2,R1,1.54E-006,2.84E-004,2.86E-004,-3.5442,-5.8126,-3.5466,0.9946,T1_S2-19.P43_Ssid_T1_CO2_R1-2.csv
T1_S2-6,T1,S2-6,S2,D,CO2,R1,0.00E+000,5.59E-004,5.59E-004,-3.2529,NA,-3.2529,1.0000,T1_S2-6.P43_Ssid_T1_CO2_R1-2.csv
T1_S3-22,T1,S3-22,S3,DC,CO2,R1,5.39E-005,3.82E-004,4.36E-004,-3.3608,-4.2683,-3.4181,0.8763,T1_S3-22.P43_Ssid_T1_CO2_R1-2.csv
T1_S3-31,T1,S3-31,S3,D,CO2,R1,3.66E-005,6.97E-004,7.33E-004,-3.1348,-4.4362,-3.1570,0.9500,T1_S3-31.P43_Ssid_T1_CO2_R1-2.csv
T1_S4-23,T1,S4-23,S4,DC,CO2,R1,1.50E-004,2.21E-004,3.71E-004,-3.4301,-3.8232,-3.6552,0.5955,T1_S4-23.P43_Ssid_T1_CO2_R1-2.csv
T1_S4-5,T1,S4-5,S4,DC,CO2,R1,2.12E-004,1.05E-004,3.17E-004,-3.4987,-3.6735,-3.9785,0.3313,T1_S4-5.P43_Ssid_T1_CO2_R1-2.csv
T1_S5-20,T1,S5-20,S5,D,CO2,R1,0.00E+000,1.66E-004,1.66E-004,-3.7792,NA,-3.7792,1.0000,T1_S5-20.P43_Ssid_T1_CO2_R1-2.csv
T1_S5-4,T1,S5-4,S5,D,CO2,R1,0.00E+000,3.51E-004,3.51E-004,-3.4544,NA,-3.4544,1.0000,T1_S5-4.P43_Ssid_T1_CO2_R1-2.csv
T1_S6-19,T1,S6-19,S6,D,CO2,R1,0.00E+000,7.04E-004,7.04E-004,-3.1524,NA,-3.1524,1.0000,T1_S6-19.P43_Ssid_T1_CO2_R1-2.csv
T1_S6-4,T1,S6-4,S6,D,CO2,R1,2.73E-006,7.24E-004,7.27E-004,-3.1387,-5.5632,-3.1404,0.9962,T1_S6-4.P43_Ssid_T1_CO2_R1-2.csv
T1_S1-20,T1,S1-20,S1,DC,CO2,R2,1.42E-005,1.01E-004,1.16E-004,-3.9373,-4.8478,-3.9943,0.8771,T1_S1-20.P43_Ssid_T1_CO2_R1-2.csv
T1_S1-3,T1,S1-3,S1,DC,CO2,R2,4.98E-005,1.28E-005,6.26E-005,-4.2031,-4.3025,-4.8922,0.2046,T1_S1-3.P43_Ssid_T1_CO2_R1-2.csv
T1_S2-27,T1,S2-27,S2,D,CO2,R2,0.00E+000,3.11E-004,3.11E-004,-3.5075,NA,-3.5075,1.0000,T1_S2-27.P43_Ssid_T1_CO2_R1-2.csv
T1_S2-5,T1,S2-5,S2,D,CO2,R2,0.00E+000,6.61E-004,6.61E-004,-3.1796,NA,-3.1796,1.0000,T1_S2-5.P43_Ssid_T1_CO2_R1-2.csv
T1_S3-15,T1,S3-15,S3,D,CO2,R2,2.52E-005,5.96E-004,6.21E-004,-3.2069,-4.5994,-3.2248,0.9595,T1_S3-15.P43_Ssid_T1_CO2_R1-2.csv
T1_S3-24,T1,S3-24,S3,D,CO2,R2,3.34E-005,6.77E-004,7.11E-004,-3.1482,-4.4760,-3.1691,0.9530,T1_S3-24.P43_Ssid_T1_CO2_R1-2.csv
T1_S4-20,T1,S4-20,S4,DC,CO2,R2,6.33E-005,3.33E-004,3.97E-004,-3.4017,-4.1989,-3.4772,0.8405,T1_S4-20.P43_Ssid_T1_CO2_R1-2.csv
T1_S4-6,T1,S4-6,S4,DC,CO2,R2,2.66E-004,2.80E-004,5.46E-004,-3.2626,-3.5744,-3.5531,0.5123,T1_S4-6.P43_Ssid_T1_CO2_R1-2.csv
T1_S5-16,T1,S5-16,S5,D,CO2,R2,1.06E-006,1.59E-004,1.60E-004,-3.7948,-5.9761,-3.7976,0.9934,T1_S5-16.P43_Ssid_T1_CO2_R1-2.csv
T1_S5-26,T1,S5-26,S5,D,CO2,R2,6.57E-006,3.33E-004,3.40E-004,-3.4690,-5.1826,-3.4775,0.9807,T1_S5-26.P43_Ssid_T1_CO2_R1-2.csv
T1_S6-2,T1,S6-2,S6,D,CO2,R2,1.46E-006,8.81E-004,8.82E-004,-3.0544,-5.8354,-3.0551,0.9983,T1_S6-2.P43_Ssid_T1_CO2_R1-2.csv
T1_S6-22,T1,S6-22,S6,D,CO2,R2,0.00E+000,3.30E-004,3.30E-004,-3.4815,NA,-3.4815,1.0000,T1_S6-22.P43_Ssid_T1_CO2_R1-2.csv
T1_S1-19,T1,S1-19,S1,D,D,R1,3.75E-007,1.22E-004,1.22E-004,-3.9133,-6.4262,-3.9147,0.9969,T1_S1-19.P41_Ssid_T1_D_R1-2.csv
T1_S1-4,T1,S1-4,S1,DC,D,R1,1.89E-005,8.86E-005,1.07E-004,-3.9689,-4.7246,-4.0528,0.8245,T1_S1-4.P41_Ssid_T1_D_R1-2.csv
T1_S2-20,T1,S2-20,S2,D,D,R1,0.00E+000,4.88E-004,4.88E-004,-3.3112,NA,-3.3112,1.0000,T1_S2-20.P41_Ssid_T1_D_R1-2.csv
T1_S2-29,T1,S2-29,S2,D,D,R1,0.00E+000,5.09E-004,5.09E-004,-3.2933,NA,-3.2933,1.0000,T1_S2-29.P41_Ssid_T1_D_R1-2.csv
T1_S3-19,T1,S3-19,S3,D,D,R1,4.65E-005,7.33E-004,7.80E-004,-3.1081,-4.3330,-3.1348,0.9404,T1_S3-19.P41_Ssid_T1_D_R1-2.csv
T1_S3-3,T1,S3-3,S3,DC,D,R1,1.64E-004,1.05E-003,1.22E-003,-2.9153,-3.7847,-2.9784,0.8649,T1_S3-3.P41_Ssid_T1_D_R1-2.csv
T1_S4-21,T1,S4-21,S4,DC,D,R1,5.79E-005,3.58E-004,4.15E-004,-3.3815,-4.2372,-3.4467,0.8606,T1_S4-21.P41_Ssid_T1_D_R1-2.csv
T1_S4-30,T1,S4-30,S4,D,D,R1,2.26E-005,8.76E-004,8.99E-004,-3.0464,-4.6459,-3.0575,0.9749,T1_S4-30.P41_Ssid_T1_D_R1-2.csv
T1_S5-22,T1,S5-22,S5,D,D,R1,0.00E+000,1.09E-003,1.09E-003,-2.9614,NA,-2.9614,1.0000,T1_S5-22.P41_Ssid_T1_D_R1-2.csv
T1_S5-3,T1,S5-3,S5,D,D,R1,0.00E+000,2.27E-004,2.27E-004,-3.6442,NA,-3.6442,1.0000,T1_S5-3.P41_Ssid_T1_D_R1-2.csv
T1_S6-14,T1,S6-14,S6,D,D,R1,2.85E-006,1.40E-003,1.40E-003,-2.8526,-5.5447,-2.8534,0.9980,T1_S6-14.P41_Ssid_T1_D_R1-2.csv
T1_S6-9,T1,S6-9,S6,D,D,R1,0.00E+000,1.02E-003,1.02E-003,-2.9912,NA,-2.9912,1.0000,T1_S6-9.P41_Ssid_T1_D_R1-2.csv
T1_S1-22,T1,S1-22,S1,DC,D,R2,1.59E-005,3.27E-005,4.86E-005,-4.3130,-4.7975,-4.4854,0.6723,T1_S1-22.P41_Ssid_T1_D_R1-2.csv
T1_S1-7,T1,S1-7,S1,D,D,R2,9.74E-007,1.07E-004,1.08E-004,-3.9658,-6.0116,-3.9697,0.9910,T1_S1-7.P41_Ssid_T1_D_R1-2.csv
T1_S2-1,T1,S2-1,S2,D,D,R2,0.00E+000,3.98E-004,3.98E-004,-3.4006,NA,-3.4006,1.0000,T1_S2-1.P41_Ssid_T1_D_R1-2.csv
T1_S2-15,T1,S2-15,S2,D,D,R2,0.00E+000,3.76E-004,3.76E-004,-3.4252,NA,-3.4252,1.0000,T1_S2-15.P41_Ssid_T1_D_R1-2.csv
T1_S3-27,T1,S3-27,S3,D,D,R2,1.13E-005,1.07E-003,1.08E-003,-2.9654,-4.9455,-2.9699,0.9895,T1_S3-27.P41_Ssid_T1_D_R1-2.csv
T1_S3-9,T1,S3-9,S3,DC,D,R2,3.34E-004,1.13E-003,1.46E-003,-2.8348,-3.4768,-2.9471,0.7720,T1_S3-9.P41_Ssid_T1_D_R1-2.csv
T1_S4-14,T1,S4-14,S4,DC,D,R2,9.68E-005,1.60E-004,2.57E-004,-3.5904,-4.0141,-3.7959,0.6230,T1_S4-14.P41_Ssid_T1_D_R1-2.csv
T1_S4-25,T1,S4-25,S4,D,D,R2,2.50E-005,4.61E-004,4.86E-004,-3.3133,-4.6018,-3.3362,0.9485,T1_S4-25.P41_Ssid_T1_D_R1-2.csv
T1_S5-6,T1,S5-6,S5,D,D,R2,0.00E+000,1.58E-004,1.58E-004,-3.8001,NA,-3.8001,1.0000,T1_S5-6.P41_Ssid_T1_D_R1-2.csv
T1_S6-11,T1,S6-11,S6,D,D,R2,5.50E-006,1.04E-003,1.04E-003,-2.9813,-5.2598,-2.9836,0.9947,T1_S6-11.P41_Ssid_T1_D_R1-2.csv
T1_S6-17,T1,S6-17,S6,D,D,R2,1.10E-005,1.24E-003,1.25E-003,-2.9038,-4.9569,-2.9077,0.9912,T1_S6-17.P41_Ssid_T1_D_R1-2.csv
T1_S1-6,T1,S1-6,S1,DC,Fe,R1,2.14E-005,4.55E-005,6.70E-005,-4.1742,-4.6688,-4.3419,0.6798,T1_S1-6.P22_Ssid_T1_NPF_R1.csv
T1_S1-9,T1,S1-9,S1,DC,Fe,R1,1.69E-005,3.68E-005,5.37E-005,-4.2701,-4.7731,-4.4339,0.6859,T1_S1-9.P22_Ssid_T1_NPF_R1.csv
T1_S2-16,T1,S2-16,S2,D,Fe,R1,0.00E+000,9.55E-004,9.55E-004,-3.0200,NA,-3.0200,1.0000,T1_S2-16.P22_Ssid_T1_NPF_R1.csv
T1_S2-25,T1,S2-25,S2,D,Fe,R1,0.00E+000,7.01E-004,7.01E-004,-3.1540,NA,-3.1540,1.0000,T1_S2-25.P22_Ssid_T1_NPF_R1.csv
T1_S3-12,T1,S3-12,S3,D,Fe,R1,1.15E-005,2.41E-003,2.42E-003,-2.6166,-4.9378,-2.6187,0.9952,T1_S3-12.P23_Ssid_T1_NPF_R2.csv
T1_S3-6,T1,S3-6,S3,D,Fe,R1,0.00E+000,9.75E-004,9.75E-004,-3.0110,NA,-3.0110,1.0000,T1_S3-6.P23_Ssid_T1_NPF_R2.csv
T1_S4-11,T1,S4-11,S4,D,Fe,R1,2.06E-005,3.94E-003,3.96E-003,-2.4027,-4.6855,-2.4050,0.9948,T1_S4-11.P23_Ssid_T1_NPF_R2.csv
T1_S4-9,T1,S4-9,S4,D,Fe,R1,2.09E-006,1.51E-003,1.51E-003,-2.8217,-5.6789,-2.8223,0.9986,T1_S4-9.P23_Ssid_T1_NPF_R2.csv
T1_S5-14,T1,S5-14,S5,D,Fe,R1,0.00E+000,1.26E-003,1.26E-003,-2.8998,NA,-2.8998,1.0000,T1_S5-14.P25_Ssid_T2_NP_R1.csv
T1_S5-25,T1,S5-25,S5,D,Fe,R1,5.78E-006,2.84E-003,2.84E-003,-2.5459,-5.2379,-2.5468,0.9980,T1_S5-25.P25_Ssid_T2_NP_R1.csv
T1_S6-1,T1,S6-1,S6,D,Fe,R1,1.36E-006,2.17E-003,2.17E-003,-2.6639,-5.8665,-2.6642,0.9994,T1_S6-1.P25_Ssid_T2_NP_R1.csv
T1_S6-12,T1,S6-12,S6,D,Fe,R1,0.00E+000,9.45E-003,9.45E-003,-2.0244,NA,-2.0244,1.0000,T1_S6-12.P25_Ssid_T2_NP_R1.csv
T1_S1-12,T1,S1-12,S1,C,Fe,R2,3.12E-005,3.14E-007,3.16E-005,-4.5008,-4.5052,-6.5028,0.0100,T1_S1-12.P46_Ssid_T1-2_Fe_R2.csv
T1_S1-16,T1,S1-16,S1,DC,Fe,R2,1.14E-005,4.98E-005,6.12E-005,-4.2130,-4.9430,-4.3025,0.8138,T1_S1-16.P46_Ssid_T1-2_Fe_R2.csv
T1_S2-31,T1,S2-31,S2,D,Fe,R2,0.00E+000,8.68E-004,8.68E-004,-3.0615,NA,-3.0615,1.0000,T1_S2-31.P46_Ssid_T1-2_Fe_R2.csv
T1_S2-4,T1,S2-4,S2,D,Fe,R2,0.00E+000,7.92E-004,7.92E-004,-3.1011,NA,-3.1011,1.0000,T1_S2-4.P46_Ssid_T1-2_Fe_R2.csv
T1_S3-11,T1,S3-11,S3,DC,Fe,R2,7.01E-005,4.37E-004,5.07E-004,-3.2946,-4.1543,-3.3592,0.8619,T1_S3-11.P46_Ssid_T1-2_Fe_R2.csv
T1_S3-7,T1,S3-7,S3,DC,Fe,R2,2.79E-004,3.76E-004,6.55E-004,-3.1837,-3.5541,-3.4248,0.5739,T1_S3-7.P46_Ssid_T1-2_Fe_R2.csv
T1_S4-26,T1,S4-26,S4,DC,Fe,R2,1.65E-004,1.40E-003,1.56E-003,-2.8062,-3.7832,-2.8546,0.8945,T1_S4-26.P46_Ssid_T1-2_Fe_R2.csv
T1_S4-28,T1,S4-28,S4,D,Fe,R2,4.04E-005,8.96E-004,9.36E-004,-3.0286,-4.3937,-3.0477,0.9569,T1_S4-28.P46_Ssid_T1-2_Fe_R2.csv
T1_S5-13,T1,S5-13,S5,D,Fe,R2,0.00E+000,6.55E-004,6.55E-004,-3.1837,NA,-3.1837,1.0000,T1_S5-13.P46_Ssid_T1-2_Fe_R2.csv
T1_S5-23,T1,S5-23,S5,D,Fe,R2,3.83E-005,1.31E-003,1.35E-003,-2.8695,-4.4174,-2.8820,0.9717,T1_S5-23.P46_Ssid_T1-2_Fe_R2.csv
T1_S6-15,T1,S6-15,S6,D,Fe,R2,9.77E-006,1.75E-003,1.76E-003,-2.7540,-5.0102,-2.7564,0.9945,T1_S6-15.P46_Ssid_T1-2_Fe_R2.csv
T1_S6-21,T1,S6-21,S6,D,Fe,R2,0.00E+000,1.47E-003,1.47E-003,-2.8323,NA,-2.8323,1.0000,T1_S6-21.P46_Ssid_T1-2_Fe_R2.csv
T1_S1-17,T1,S1-17,S1,D,N,R1,2.86E-006,6.62E-005,6.91E-005,-4.1606,-5.5443,-4.1790,0.9587,T1_S1-17.P18_Ssid_T1_N_R1.csv
T1_S1-25,T1,S1-25,S1,C,N,R1,3.54E-005,0.00E+000,3.54E-005,-4.4509,-4.4509,NA,0.0000,T1_S1-25.P18_Ssid_T1_N_R1.csv
T1_S2-21,T1,S2-21,S2,D,N,R1,0.00E+000,3.81E-004,3.81E-004,-3.4196,NA,-3.4196,1.0000,T1_S2-21.P18_Ssid_T1_N_R1.csv
T1_S2-24,T1,S2-24,S2,D,N,R1,0.00E+000,5.22E-004,5.22E-004,-3.2826,NA,-3.2826,1.0000,T1_S2-24.P18_Ssid_T1_N_R1.csv
T1_S3-10,T1,S3-10,S3,DC,N,R1,2.17E-004,2.82E-004,4.99E-004,-3.3017,-3.6636,-3.5493,0.5655,T1_S3-10.P18_Ssid_T1_N_R1.csv
T1_S3-8,T1,S3-8,S3,DC,N,R1,2.86E-004,1.48E-004,4.34E-004,-3.3625,-3.5434,-3.8302,0.3407,T1_S3-8.P18_Ssid_T1_N_R1.csv
T1_S4-19,T1,S4-19,S4,DC,N,R1,6.92E-004,2.14E-004,9.06E-004,-3.0430,-3.1600,-3.6698,0.2362,T1_S4-19.P18_Ssid_T1_N_R1.csv
T1_S4-29,T1,S4-29,S4,DC,N,R1,5.81E-005,1.91E-004,2.49E-004,-3.6035,-4.2360,-3.7187,0.7669,T1_S4-29.P18_Ssid_T1_N_R1.csv
T1_S5-11,T1,S5-11,S5,D,N,R1,0.00E+000,1.63E-003,1.63E-003,-2.7890,NA,-2.7890,1.0000,T1_S5-11.P18_Ssid_T1_N_R1.csv
T1_S5-24,T1,S5-24,S5,D,N,R1,2.20E-005,1.20E-003,1.22E-003,-2.9121,-4.6585,-2.9200,0.9821,T1_S5-24.P17_Ssid_T0_N_R1.csv
T1_S5-7,T1,S5-7,S5,D,N,R1,0.00E+000,3.02E-004,3.02E-004,-3.5207,NA,-3.5207,1.0000,T1_S5-7.P18_Ssid_T1_N_R1.csv
T1_S6-20,T1,S6-20,S6,D,N,R1,0.00E+000,1.41E-003,1.41E-003,-2.8498,NA,-2.8498,1.0000,T1_S6-20.P17_Ssid_T0_N_R1.csv
T1_S6-24,T1,S6-24,S6,D,N,R1,2.00E-006,1.30E-003,1.30E-003,-2.8860,-5.6999,-2.8867,0.9985,T1_S6-24.P18_Ssid_T1_N_R1.csv
T1_S6-28,T1,S6-28,S6,D,N,R1,2.27E-005,1.79E-003,1.82E-003,-2.7407,-4.6430,-2.7462,0.9875,T1_S6-28.P18_Ssid_T1_N_R1.csv
T1_S6-5,T1,S6-5,S6,D,N,R1,2.46E-006,7.30E-004,7.32E-004,-3.1355,-5.6086,-3.1369,0.9966,T1_S6-5.P17_Ssid_T0_N_R1.csv
T1_S1-30,T1,S1-30,S1,DC,N,R2,1.57E-005,6.33E-006,2.20E-005,-4.6576,-4.8049,-5.1986,0.2877,T1_S1-30.P20_Ssid_T1_N_R2.csv
T1_S1-8,T1,S1-8,S1,DC,N,R2,1.64E-005,1.58E-005,3.22E-005,-4.4924,-4.7846,-4.8024,0.4898,T1_S1-8.P20_Ssid_T1_N_R2.csv
T1_S2-18,T1,S2-18,S2,D,N,R2,0.00E+000,4.90E-004,4.90E-004,-3.3102,NA,-3.3102,1.0000,T1_S2-18.P20_Ssid_T1_N_R2.csv
T1_S2-7,T1,S2-7,S2,D,N,R2,0.00E+000,8.35E-004,8.35E-004,-3.0781,NA,-3.0781,1.0000,T1_S2-7.P20_Ssid_T1_N_R2.csv
T1_S3-25,T1,S3-25,S3,D,N,R2,7.49E-006,3.96E-004,4.16E-004,-3.3812,-5.1257,-3.4022,0.9529,T1_S3-25.P20_Ssid_T1_N_R2.csv
T1_S3-30,T1,S3-30,S3,DC,N,R2,3.83E-005,3.28E-004,3.67E-004,-3.4358,-4.4165,-3.4838,0.8954,T1_S3-30.P20_Ssid_T1_N_R2.csv
T1_S4-22,T1,S4-22,S4,DC,N,R2,5.09E-004,1.79E-004,6.87E-004,-3.1627,-3.2935,-3.7478,0.2600,T1_S4-22.P20_Ssid_T1_N_R2.csv
T1_S4-7,T1,S4-7,S4,DC,N,R2,2.47E-004,1.17E-004,3.64E-004,-3.4393,-3.6076,-3.9323,0.3214,T1_S4-7.P20_Ssid_T1_N_R2.csv
T1_S5-17,T1,S5-17,S5,D,N,R2,0.00E+000,1.25E-003,1.25E-003,-2.9029,NA,-2.9029,1.0000,T1_S5-17.P20_Ssid_T1_N_R2.csv
T1_S5-18,T1,S5-18,S5,D,N,R2,2.34E-005,1.38E-003,1.40E-003,-2.8528,-4.6308,-2.8601,0.9833,T1_S5-18.P20_Ssid_T1_N_R2.csv
T1_S6-27,T1,S6-27,S6,D,N,R2,0.00E+000,9.79E-004,9.79E-004,-3.0091,NA,-3.0091,1.0000,T1_S6-27.P20_Ssid_T1_N_R2.csv
T1_S6-29,T1,S6-29,S6,D,N,R2,7.67E-007,1.14E-003,1.14E-003,-2.9420,-6.1151,-2.9423,0.9993,T1_S6-29.P20_Ssid_T1_N_R2.csv
T1_S1-15,T1,S1-15,S1,DC,NP,R1,2.00E-005,7.89E-006,2.79E-005,-4.5540,-4.6982,-5.1030,0.2825,T1_S1-15.P26_Ssid_T1_NP_R1.csv
T1_S1-24,T1,S1-24,S1,C,NP,R1,3.69E-005,0.00E+000,3.69E-005,-4.4328,-4.4328,NA,0.0000,T1_S1-24.P26_Ssid_T1_NP_R1.csv
T1_S2-3,T1,S2-3,S2,D,NP,R1,0.00E+000,2.03E-004,2.03E-004,-3.6931,NA,-3.6931,1.0000,T1_S2-3.P26_Ssid_T1_NP_R1.csv
T1_S2-9,T1,S2-9,S2,D,NP,R1,0.00E+000,2.17E-004,2.17E-004,-3.6641,NA,-3.6641,1.0000,T1_S2-9.P26_Ssid_T1_NP_R1.csv
T1_S3-21,T1,S3-21,S3,D,NP,R1,2.40E-005,2.58E-004,2.82E-004,-3.5496,-4.6189,-3.5883,0.9147,T1_S3-21.P26_Ssid_T1_NP_R1.csv
T1_S3-26,T1,S3-26,S3,D,NP,R1,4.95E-006,2.72E-004,2.81E-004,-3.5514,-5.3050,-3.5649,0.9694,T1_S3-26.P26_Ssid_T1_NP_R1.csv
T1_S4-1,T1,S4-1,S4,DC,NP,R1,1.84E-004,5.24E-005,2.37E-004,-3.6259,-3.7346,-4.2808,0.2214,T1_S4-1.P26_Ssid_T1_NP_R1.csv
T1_S4-2,T1,S4-2,S4,DC,NP,R1,1.80E-004,8.45E-005,2.65E-004,-3.5775,-3.7447,-4.0731,0.3195,T1_S4-2.P26_Ssid_T1_NP_R1.csv
T1_S5-1,T1,S5-1,S5,D,NP,R1,0.00E+000,8.06E-005,8.06E-005,-4.0937,NA,-4.0937,1.0000,T1_S5-1.P28_Ssid_T2_NP_R2.csv
T1_S5-12,T1,S5-12,S5,D,NP,R1,0.00E+000,1.51E-004,1.51E-004,-3.8202,NA,-3.8202,1.0000,T1_S5-12.P28_Ssid_T2_NP_R2.csv
T1_S6-18,T1,S6-18,S6,D,NP,R1,0.00E+000,3.11E-004,3.11E-004,-3.5070,NA,-3.5070,1.0000,T1_S6-18.P26_Ssid_T1_NP_R1.csv
T1_S6-3,T1,S6-3,S6,D,NP,R1,6.69E-007,3.87E-004,3.87E-004,-3.4120,-6.1748,-3.4127,0.9983,T1_S6-3.P26_Ssid_T1_NP_R1.csv
T1_S1-11,T1,S1-11,S1,C,NP,R2,2.91E-005,0.00E+000,2.91E-005,-4.5357,-4.5357,NA,0.0000,T1_S1-11.P27_Ssid_T1_NP_R2.csv
T1_S1-14,T1,S1-14,S1,C,NP,R2,2.50E-005,4.88E-007,2.55E-005,-4.5932,-4.6015,-6.3118,0.0191,T1_S1-14.P27_Ssid_T1_NP_R2.csv
T1_S2-13,T1,S2-13,S2,D,NP,R2,0.00E+000,1.36E-004,1.36E-004,-3.8667,NA,-3.8667,1.0000,T1_S2-13.P27_Ssid_T1_NP_R2.csv
T1_S2-8,T1,S2-8,S2,D,NP,R2,0.00E+000,2.02E-004,2.02E-004,-3.6949,NA,-3.6949,1.0000,T1_S2-8.P27_Ssid_T1_NP_R2.csv
T1_S3-17,T1,S3-17,S3,DC,NP,R2,8.60E-005,1.79E-004,2.70E-004,-3.5682,-4.0655,-3.7478,0.6614,T1_S3-17.P27_Ssid_T1_NP_R2.csv
T1_S3-2,T1,S3-2,S3,D,NP,R2,1.95E-005,2.57E-004,2.77E-004,-3.5577,-4.7089,-3.5895,0.9294,T1_S3-2.P27_Ssid_T1_NP_R2.csv
T1_S4-16,T1,S4-16,S4,DC,NP,R2,2.89E-005,2.41E-004,2.70E-004,-3.5688,-4.5397,-3.6179,0.8931,T1_S4-16.P27_Ssid_T1_NP_R2.csv
T1_S4-4,T1,S4-4,S4,DC,NP,R2,3.60E-004,1.23E-004,4.83E-004,-3.3164,-3.4443,-3.9100,0.2550,T1_S4-4.P27_Ssid_T1_NP_R2.csv
T1_S5-2,T1,S5-2,S5,D,NP,R2,0.00E+000,3.79E-004,3.79E-004,-3.4215,NA,-3.4215,1.0000,T1_S5-2.P27_Ssid_T1_NP_R2.csv
T1_S5-8,T1,S5-8,S5,D,NP,R2,6.74E-006,5.12E-004,5.19E-004,-3.2847,-5.1714,-3.2904,0.9870,T1_S5-8.P27_Ssid_T1_NP_R2.csv
T1_S6-31,T1,S6-31,S6,D,NP,R2,0.00E+000,4.94E-004,4.94E-004,-3.3059,NA,-3.3059,1.0000,T1_S6-31.P27_Ssid_T1_NP_R2.csv
T1_S6-8,T1,S6-8,S6,D,NP,R2,0.00E+000,9.80E-004,9.80E-004,-3.0089,NA,-3.0089,1.0000,T1_S6-8.P27_Ssid_T1_NP_R2.csv
T1_S1-18,T1,S1-18,S1,D,NPF,R1,2.96E-006,7.39E-005,7.68E-005,-4.1144,-5.5286,-4.1315,0.9615,T1_S1-18.P22_Ssid_T1_NPF_R1.csv
T1_S1-5,T1,S1-5,S1,DC,NPF,R1,2.71E-005,4.22E-005,6.94E-005,-4.1588,-4.5664,-4.3743,0.6088,T1_S1-5.P22_Ssid_T1_NPF_R1.csv
T1_S2-28,T1,S2-28,S2,D,NPF,R1,0.00E+000,1.40E-004,1.40E-004,-3.8549,NA,-3.8549,1.0000,T1_S2-28.P22_Ssid_T1_NPF_R1.csv
T1_S2-30,T1,S2-30,S2,D,NPF,R1,0.00E+000,1.62E-004,1.62E-004,-3.7914,NA,-3.7914,1.0000,T1_S2-30.P22_Ssid_T1_NPF_R1.csv
T1_S3-1,T1,S3-1,S3,D,NPF,R1,1.15E-005,2.05E-004,2.17E-004,-3.6645,-4.9405,-3.6881,0.9470,T1_S3-1.P22_Ssid_T1_NPF_R1.csv
T1_S3-28,T1,S3-28,S3,D,NPF,R1,1.55E-005,1.42E-004,1.58E-004,-3.8017,-4.8111,-3.8464,0.9021,T1_S3-28.P22_Ssid_T1_NPF_R1.csv
T1_S4-10,T1,S4-10,S4,DC,NPF,R1,1.26E-004,1.29E-004,2.54E-004,-3.5947,-3.9008,-3.8906,0.5059,T1_S4-10.P22_Ssid_T1_NPF_R1.csv
T1_S4-17,T1,S4-17,S4,DC,NPF,R1,3.69E-005,1.51E-004,1.88E-004,-3.7262,-4.4326,-3.8213,0.8034,T1_S4-17.P22_Ssid_T1_NPF_R1.csv
T1_S5-27,T1,S5-27,S5,DC,NPF,R1,1.77E-005,1.34E-004,1.52E-004,-3.8191,-4.7511,-3.8731,0.8831,T1_S5-27.P22_Ssid_T1_NPF_R1.csv
T1_S5-5,T1,S5-5,S5,D,NPF,R1,0.00E+000,1.75E-004,1.75E-004,-3.7563,NA,-3.7563,1.0000,T1_S5-5.P22_Ssid_T1_NPF_R1.csv
T1_S6-13,T1,S6-13,S6,D,NPF,R1,7.02E-007,7.17E-004,7.18E-004,-3.1441,-6.1534,-3.1445,0.9990,T1_S6-13.P22_Ssid_T1_NPF_R1.csv
T1_S6-6,T1,S6-6,S6,D,NPF,R1,5.39E-007,5.10E-004,5.11E-004,-3.2918,-6.2687,-3.2923,0.9989,T1_S6-6.P22_Ssid_T1_NPF_R1.csv
T1_S1-2,T1,S1-2,S1,DC,NPF,R2,3.82E-005,1.83E-005,5.64E-005,-4.2484,-4.4181,-4.7387,0.3234,T1_S1-2.P23_Ssid_T1_NPF_R2.csv
T1_S1-28,T1,S1-28,S1,D,NPF,R2,5.66E-006,5.54E-005,6.11E-005,-4.2140,-5.2469,-4.2562,0.9073,T1_S1-28.P23_Ssid_T1_NPF_R2.csv
T1_S2-14,T1,S2-14,S2,D,NPF,R2,0.00E+000,2.85E-004,2.85E-004,-3.5456,NA,-3.5456,1.0000,T1_S2-14.P23_Ssid_T1_NPF_R2.csv
T1_S2-23,T1,S2-23,S2,D,NPF,R2,0.00E+000,1.83E-004,1.83E-004,-3.7364,NA,-3.7364,1.0000,T1_S2-23.P23_Ssid_T1_NPF_R2.csv
T1_S3-13,T1,S3-13,S3,DC,NPF,R2,6.44E-005,2.76E-004,3.41E-004,-3.4678,-4.1909,-3.5589,0.8108,T1_S3-13.P23_Ssid_T1_NPF_R2.csv
T1_S3-16,T1,S3-16,S3,DC,NPF,R2,9.15E-005,1.67E-004,2.58E-004,-3.5876,-4.0386,-3.7774,0.6460,T1_S3-16.P23_Ssid_T1_NPF_R2.csv
T1_S4-13,T1,S4-13,S4,DC,NPF,R2,1.19E-004,1.21E-004,2.40E-004,-3.6195,-3.9244,-3.9167,0.5044,T1_S4-13.P23_Ssid_T1_NPF_R2.csv
T1_S4-18,T1,S4-18,S4,DC,NPF,R2,8.14E-005,2.48E-004,3.30E-004,-3.4816,-4.0891,-3.6047,0.7531,T1_S4-18.P23_Ssid_T1_NPF_R2.csv
T1_S5-19,T1,S5-19,S5,D,NPF,R2,0.00E+000,2.42E-004,2.42E-004,-3.6164,NA,-3.6164,1.0000,T1_S5-19.P23_Ssid_T1_NPF_R2.csv
T1_S5-21,T1,S5-21,S5,D,NPF,R2,1.77E-005,3.36E-004,3.54E-004,-3.4514,-4.7521,-3.4737,0.9500,T1_S5-21.P23_Ssid_T1_NPF_R2.csv
T1_S6-10,T1,S6-10,S6,D,NPF,R2,0.00E+000,4.49E-004,4.49E-004,-3.3480,NA,-3.3480,1.0000,T1_S6-10.P23_Ssid_T1_NPF_R2.csv
T1_S6-25,T1,S6-25,S6,D,NPF,R2,9.33E-007,4.16E-004,4.17E-004,-3.3794,-6.0299,-3.3804,0.9978,T1_S6-25.P23_Ssid_T1_NPF_R2.csv
T2_S1-10,T2,S1-10,S1,C,C,R1,1.95E-005,0.00E+000,1.95E-005,-4.7092,-4.7092,NA,0.0000,T2_S1-10.P05_Ssid_T2_C_R1.csv
T2_S1-26,T2,S1-26,S1,C,C,R1,3.21E-005,0.00E+000,3.21E-005,-4.4930,-4.4930,NA,0.0000,T2_S1-26.P05_Ssid_T2_C_R1.csv
T2_S2-11,T2,S2-11,S2,D,C,R1,0.00E+000,7.40E-005,7.40E-005,-4.1310,NA,-4.1310,1.0000,T2_S2-11.P42_Ssid_T2_D_R1-2.csv
T2_S2-22,T2,S2-22,S2,D,C,R1,0.00E+000,2.97E-004,2.97E-004,-3.5279,NA,-3.5279,1.0000,T2_S2-22.P05_Ssid_T2_C_R1.csv
T2_S3-18,T2,S3-18,S3,C,C,R1,1.70E-004,0.00E+000,1.70E-004,-3.7698,-3.7698,NA,0.0000,T2_S3-18.P05_Ssid_T2_C_R1.csv
T2_S3-29,T2,S3-29,S3,DC,C,R1,3.41E-005,5.26E-005,8.67E-005,-4.0622,-4.4677,-4.2791,0.6069,T2_S3-29.P05_Ssid_T2_C_R1.csv
T2_S4-12,T2,S4-12,S4,DC,C,R1,3.53E-005,5.61E-005,9.14E-005,-4.0390,-4.4527,-4.2507,0.6142,T2_S4-12.P05_Ssid_T2_C_R1.csv
T2_S4-8,T2,S4-8,S4,C,C,R1,1.52E-004,0.00E+000,1.52E-004,-3.8172,-3.8172,NA,0.0000,T2_S4-8.P05_Ssid_T2_C_R1.csv
T2_S5-24,T2,S5-24,S5,D,C,R1,0.00E+000,8.15E-004,8.15E-004,-3.0887,NA,-3.0887,1.0000,T2_S5-24.P05_Ssid_T2_C_R1.csv
T2_S5-9,T2,S5-9,S5,DC,C,R1,0.00E+000,1.13E-004,2.65E-004,-3.5767,NA,-3.9477,0.4256,T2_S5-9.P05_Ssid_T2_C_R1.csv
T2_S6-20,T2,S6-20,S6,D,C,R1,0.00E+000,3.03E-003,3.03E-003,-2.5187,NA,-2.5187,1.0000,T2_S6-20.P05_Ssid_T2_C_R1.csv
T2_S6-5,T2,S6-5,S6,D,C,R1,0.00E+000,2.46E-003,2.46E-003,-2.6088,NA,-2.6088,1.0000,T2_S6-5.P05_Ssid_T2_C_R1.csv
T2_S1-13,T2,S1-13,S1,C,C,R2,3.91E-005,9.12E-007,4.00E-005,-4.3980,-4.4080,-6.0401,0.0228,T2_S1-13.P16_Ssid_T2_C_R2.csv
T2_S1-23,T2,S1-23,S1,DC,C,R2,6.85E-006,2.29E-005,2.98E-005,-4.5263,-5.1641,-4.6400,0.7697,T2_S1-23.P16_Ssid_T2_C_R2.csv
T2_S2-10,T2,S2-10,S2,D,C,R2,3.44E-007,1.75E-004,1.75E-004,-3.7559,-6.4640,-3.7567,0.9980,T2_S2-10.P16_Ssid_T2_C_R2.csv
T2_S2-2,T2,S2-2,S2,D,C,R2,0.00E+000,3.68E-004,3.68E-004,-3.4341,NA,-3.4341,1.0000,T2_S2-2.P16_Ssid_T2_C_R2.csv
T2_S3-20,T2,S3-20,S3,D,C,R2,7.78E-005,8.26E-004,9.04E-004,-3.0440,-4.1091,-3.0831,0.9139,T2_S3-20.P19_Ssid_T0_N_R2.csv
T2_S3-4,T2,S3-4,S3,DC,C,R2,4.40E-004,1.06E-004,5.59E-004,-3.2526,-3.3570,-3.9739,0.1900,T2_S3-4.P16_Ssid_T2_C_R2.csv
T2_S4-24,T2,S4-24,S4,DC,C,R2,2.92E-004,1.82E-004,4.74E-004,-3.3242,-3.5348,-3.7395,0.3843,T2_S4-24.P16_Ssid_T2_C_R2.csv
T2_S4-3,T2,S4-3,S4,DC,C,R2,3.08E-004,9.45E-005,4.06E-004,-3.3920,-3.5116,-4.0246,0.2330,T2_S4-3.P16_Ssid_T2_C_R2.csv
T2_S5-10,T2,S5-10,S5,DC,C,R2,1.14E-004,5.88E-004,7.02E-004,-3.1538,-3.9448,-3.2305,0.8382,T2_S5-10.P16_Ssid_T2_C_R2.csv
T2_S5-15,T2,S5-15,S5,D,C,R2,1.18E-005,4.96E-004,5.08E-004,-3.2940,-4.9293,-3.3041,0.9768,T2_S5-15.P16_Ssid_T2_C_R2.csv
T2_S6-23,T2,S6-23,S6,D,C,R2,0.00E+000,1.55E-003,1.55E-003,-2.8094,NA,-2.8094,1.0000,T2_S6-23.P26_Ssid_T1_NP_R1.csv
T2_S6-26,T2,S6-26,S6,D,C,R2,2.09E-006,6.47E-004,6.49E-004,-3.1878,-5.6799,-3.1892,0.9968,T2_S6-26.P16_Ssid_T2_C_R2.csv
T2_S1-21,T2,S1-21,S1,DC,CO2,R1,2.40E-005,5.91E-005,8.31E-005,-4.0804,-4.6206,-4.2281,0.7117,T2_S1-21.P44_Ssid_T2_CO2_R1-2.csv
T2_S1-29,T2,S1-29,S1,D,CO2,R1,7.03E-006,7.20E-005,7.91E-005,-4.1020,-5.1529,-4.1425,0.9111,T2_S1-29.P44_Ssid_T2_CO2_R1-2.csv
T2_S2-19,T2,S2-19,S2,D,CO2,R1,1.13E-006,3.98E-004,3.99E-004,-3.3994,-5.9470,-3.4006,0.9972,T2_S2-19.P44_Ssid_T2_CO2_R1-2.csv
T2_S2-6,T2,S2-6,S2,D,CO2,R1,0.00E+000,2.75E-004,2.75E-004,-3.5608,NA,-3.5608,1.0000,T2_S2-6.P44_Ssid_T2_CO2_R1-2.csv
T2_S3-22,T2,S3-22,S3,DC,CO2,R1,6.19E-005,1.37E-004,1.99E-004,-3.7021,-4.2081,-3.8644,0.6881,T2_S3-22.P44_Ssid_T2_CO2_R1-2.csv
T2_S3-31,T2,S3-31,S3,DC,CO2,R1,4.15E-005,2.01E-004,2.43E-004,-3.6144,-4.3817,-3.6958,0.8291,T2_S3-31.P44_Ssid_T2_CO2_R1-2.csv
T2_S4-23,T2,S4-23,S4,DC,CO2,R1,9.58E-005,7.88E-005,1.75E-004,-3.7579,-4.0184,-4.1037,0.4511,T2_S4-23.P44_Ssid_T2_CO2_R1-2.csv
T2_S4-5,T2,S4-5,S4,DC,CO2,R1,1.35E-004,1.08E-004,2.43E-004,-3.6149,-3.8694,-3.9681,0.4434,T2_S4-5.P44_Ssid_T2_CO2_R1-2.csv
T2_S5-20,T2,S5-20,S5,D,CO2,R1,1.04E-006,2.64E-004,2.65E-004,-3.5767,-5.9849,-3.5784,0.9961,T2_S5-20.P44_Ssid_T2_CO2_R1-2.csv
T2_S5-4,T2,S5-4,S5,D,CO2,R1,2.05E-006,2.27E-004,2.29E-004,-3.6403,-5.6884,-3.6442,0.9910,T2_S5-4.P44_Ssid_T2_CO2_R1-2.csv
T2_S6-19,T2,S6-19,S6,D,CO2,R1,2.02E-006,3.77E-004,3.79E-004,-3.4213,-5.6938,-3.4237,0.9947,T2_S6-19.P44_Ssid_T2_CO2_R1-2.csv
T2_S6-4,T2,S6-4,S6,D,CO2,R1,1.90E-006,3.02E-004,3.04E-004,-3.5166,-5.7214,-3.5193,0.9938,T2_S6-4.P44_Ssid_T2_CO2_R1-2.csv
T2_S1-20,T2,S1-20,S1,DC,CO2,R2,8.40E-006,3.19E-005,4.04E-005,-4.3941,-5.0756,-4.4956,0.7918,T2_S1-20.P44_Ssid_T2_CO2_R1-2.csv
T2_S1-3,T2,S1-3,S1,C,CO2,R2,3.16E-005,9.49E-007,3.25E-005,-4.4877,-4.5006,-6.0226,0.0292,T2_S1-3.P44_Ssid_T2_CO2_R1-2.csv
T2_S2-27,T2,S2-27,S2,D,CO2,R2,0.00E+000,3.01E-004,3.01E-004,-3.5218,NA,-3.5218,1.0000,T2_S2-27.P44_Ssid_T2_CO2_R1-2.csv
T2_S2-5,T2,S2-5,S2,D,CO2,R2,0.00E+000,3.06E-004,3.06E-004,-3.5146,NA,-3.5146,1.0000,T2_S2-5.P44_Ssid_T2_CO2_R1-2.csv
T2_S3-15,T2,S3-15,S3,DC,CO2,R2,4.71E-005,1.46E-004,1.93E-004,-3.7149,-4.3266,-3.8367,0.7555,T2_S3-15.P44_Ssid_T2_CO2_R1-2.csv
T2_S3-24,T2,S3-24,S3,DC,CO2,R2,4.65E-005,1.97E-004,2.43E-004,-3.6138,-4.3324,-3.7059,0.8088,T2_S3-24.P44_Ssid_T2_CO2_R1-2.csv
T2_S4-20,T2,S4-20,S4,DC,CO2,R2,9.29E-005,6.11E-004,7.04E-004,-3.1523,-4.0318,-3.2138,0.8680,T2_S4-20.P44_Ssid_T2_CO2_R1-2.csv
T2_S4-6,T2,S4-6,S4,DC,CO2,R2,2.97E-004,6.03E-005,3.57E-004,-3.4470,-3.5273,-4.2197,0.1688,T2_S4-6.P44_Ssid_T2_CO2_R1-2.csv
T2_S5-16,T2,S5-16,S5,D,CO2,R2,1.53E-006,3.13E-004,3.14E-004,-3.5029,-5.8147,-3.5050,0.9951,T2_S5-16.P47_Ssid_T0_CO2_R2.csv
T2_S5-26,T2,S5-26,S5,D,CO2,R2,1.74E-007,1.50E-004,1.50E-004,-3.8243,-6.7586,-3.8248,0.9988,T2_S5-26.P47_Ssid_T0_CO2_R2.csv
T2_S1-19,T2,S1-19,S1,D,D,R1,1.95E-006,2.31E-004,2.33E-004,-3.6334,-5.7108,-3.6371,0.9916,T2_S1-19.P42_Ssid_T2_D_R1-2.csv
T2_S1-4,T2,S1-4,S1,DC,D,R1,5.08E-005,6.35E-005,1.14E-004,-3.9422,-4.2944,-4.1975,0.5555,T2_S1-4.P42_Ssid_T2_D_R1-2.csv
T2_S2-20,T2,S2-20,S2,D,D,R1,0.00E+000,5.57E-004,5.57E-004,-3.2542,NA,-3.2542,1.0000,T2_S2-20.P42_Ssid_T2_D_R1-2.csv
T2_S2-29,T2,S2-29,S2,D,D,R1,0.00E+000,2.59E-002,2.59E-002,-1.5869,NA,-1.5869,1.0000,T2_S2-29.P42_Ssid_T2_D_R1-2.csv
T2_S3-19,T2,S3-19,S3,DC,D,R1,1.56E-004,1.27E-003,1.43E-003,-2.8447,-3.8067,-2.8949,0.8908,T2_S3-19.P42_Ssid_T2_D_R1-2.csv
T2_S3-3,T2,S3-3,S3,DC,D,R1,2.66E-004,1.32E-003,1.58E-003,-2.8004,-3.5756,-2.8802,0.8322,T2_S3-3.P42_Ssid_T2_D_R1-2.csv
T2_S4-21,T2,S4-21,S4,D,D,R1,6.47E-005,1.17E-003,1.23E-003,-2.9100,-4.1894,-2.9334,0.9475,T2_S4-21.P42_Ssid_T2_D_R1-2.csv
T2_S4-30,T2,S4-30,S4,D,D,R1,2.27E-005,8.31E-004,8.53E-004,-3.0689,-4.6442,-3.0806,0.9734,T2_S4-30.P42_Ssid_T2_D_R1-2.csv
T2_S5-22,T2,S5-22,S5,D,D,R1,0.00E+000,3.36E-003,3.36E-003,-2.4736,NA,-2.4736,1.0000,T2_S5-22.P42_Ssid_T2_D_R1-2.csv
T2_S5-3,T2,S5-3,S5,D,D,R1,7.86E-006,2.12E-003,2.13E-003,-2.6722,-5.1044,-2.6738,0.9963,T2_S5-3.P42_Ssid_T2_D_R1-2.csv
T2_S6-14,T2,S6-14,S6,D,D,R1,1.84E-005,5.07E-003,5.09E-003,-2.2930,-4.7355,-2.2946,0.9964,T2_S6-14.P42_Ssid_T2_D_R1-2.csv
T2_S6-9,T2,S6-9,S6,D,D,R1,0.00E+000,6.23E-003,6.23E-003,-2.2057,NA,-2.2057,1.0000,T2_S6-9.P42_Ssid_T2_D_R1-2.csv
T2_S1-22,T2,S1-22,S1,DC,D,R2,3.78E-005,1.39E-004,1.77E-004,-3.7518,-4.4231,-3.8559,0.7868,T2_S1-22.P42_Ssid_T2_D_R1-2.csv
T2_S1-7,T2,S1-7,S1,D,D,R2,4.80E-006,1.89E-004,1.93E-004,-3.7135,-5.3186,-3.7245,0.9752,T2_S1-7.P42_Ssid_T2_D_R1-2.csv
T2_S2-1,T2,S2-1,S2,D,D,R2,0.00E+000,8.20E-004,8.20E-004,-3.0863,NA,-3.0863,1.0000,T2_S2-1.P42_Ssid_T2_D_R1-2.csv
T2_S2-15,T2,S2-15,S2,D,D,R2,0.00E+000,3.29E-004,3.29E-004,-3.4826,NA,-3.4826,1.0000,T2_S2-15.P42_Ssid_T2_D_R1-2.csv
T2_S3-27,T2,S3-27,S3,D,D,R2,2.52E-006,3.74E-004,3.77E-004,-3.4239,-5.5985,-3.4268,0.9933,T2_S3-27.P42_Ssid_T2_D_R1-2.csv
T2_S3-9,T2,S3-9,S3,DC,D,R2,5.57E-004,9.24E-004,1.48E-003,-2.8295,-3.2541,-3.0344,0.6238,T2_S3-9.P42_Ssid_T2_D_R1-2.csv
T2_S4-14,T2,S4-14,S4,DC,D,R2,2.11E-004,8.26E-004,1.04E-003,-2.9841,-3.6752,-3.0830,0.7963,T2_S4-14.P42_Ssid_T2_D_R1-2.csv
T2_S4-25,T2,S4-25,S4,D,D,R2,9.28E-005,1.15E-003,1.24E-003,-2.9073,-4.0324,-2.9412,0.9250,T2_S4-25.P42_Ssid_T2_D_R1-2.csv
T2_S5-6,T2,S5-6,S5,D,D,R2,0.00E+000,1.75E-003,1.75E-003,-2.7576,NA,-2.7576,1.0000,T2_S5-6.P42_Ssid_T2_D_R1-2.csv
T2_S6-17,T2,S6-17,S6,D,D,R2,0.00E+000,4.65E-003,4.65E-003,-2.3322,NA,-2.3322,1.0000,T2_S6-17.P42_Ssid_T2_D_R1-2.csv
T2_S1-6,T2,S1-6,S1,DC,Fe,R1,1.81E-005,1.86E-005,3.67E-005,-4.4357,-4.7431,-4.7305,0.5072,T2_S1-6.P04_Ssid_T2_Fe_R1.csv
T2_S1-9,T2,S1-9,S1,DC,Fe,R1,5.57E-005,1.06E-004,1.61E-004,-3.7921,-4.2541,-3.9760,0.6548,T2_S1-9.P04_Ssid_T2_Fe_R1.csv
T2_S2-16,T2,S2-16,S2,D,Fe,R1,0.00E+000,2.00E-004,2.00E-004,-3.6996,NA,-3.6996,1.0000,T2_S2-16.P04_Ssid_T2_Fe_R1.csv
T2_S2-25,T2,S2-25,S2,D,Fe,R1,0.00E+000,3.53E-004,3.53E-004,-3.4518,NA,-3.4518,1.0000,T2_S2-25.P04_Ssid_T2_Fe_R1.csv
T2_S3-12,T2,S3-12,S3,C,Fe,R1,2.85E-005,0.00E+000,2.85E-005,-4.5448,-4.5448,NA,0.0000,T2_S3-12.P04_Ssid_T2_Fe_R1.csv
T2_S3-6,T2,S3-6,S3,C,Fe,R1,1.49E-004,0.00E+000,1.49E-004,-3.8270,-3.8270,NA,0.0000,T2_S3-6.P04_Ssid_T2_Fe_R1.csv
T2_S4-11,T2,S4-11,S4,DC,Fe,R1,1.94E-004,1.11E-004,3.05E-004,-3.5158,-3.7119,-3.9555,0.3633,T2_S4-11.P04_Ssid_T2_Fe_R1.csv
T2_S4-9,T2,S4-9,S4,C,Fe,R1,1.88E-004,1.01E-005,1.98E-004,-3.7035,-3.7263,-4.9941,0.0512,T2_S4-9.P04_Ssid_T2_Fe_R1.csv
T2_S5-14,T2,S5-14,S5,D,Fe,R1,0.00E+000,4.18E-004,4.18E-004,-3.3784,NA,-3.3784,1.0000,T2_S5-14.P04_Ssid_T2_Fe_R1.csv
T2_S5-25,T2,S5-25,S5,D,Fe,R1,0.00E+000,1.98E-003,1.98E-003,-2.7022,NA,-2.7022,1.0000,T2_S5-25.P47_Ssid_T0_CO2_R2.csv
T2_S6-1,T2,S6-1,S6,D,Fe,R1,0.00E+000,3.29E-004,3.29E-004,-3.4834,NA,-3.4834,1.0000,T2_S6-1.P47_Ssid_T0_CO2_R2.csv
T2_S6-12,T2,S6-12,S6,D,Fe,R1,0.00E+000,3.93E-004,3.93E-004,-3.4055,NA,-3.4055,1.0000,T2_S6-12.P04_Ssid_T2_Fe_R1.csv
T2_S1-12,T2,S1-12,S1,C,Fe,R2,1.08E-005,0.00E+000,1.08E-005,-4.9678,-4.9678,NA,0.0000,T2_S1-12.P46_Ssid_T1-2_Fe_R2.csv
T2_S1-16,T2,S1-16,S1,DC,Fe,R2,4.67E-006,1.36E-005,1.82E-005,-4.7388,-5.3308,-4.8671,0.7442,T2_S1-16.P46_Ssid_T1-2_Fe_R2.csv
T2_S2-31,T2,S2-31,S2,D,Fe,R2,0.00E+000,1.86E-004,1.86E-004,-3.7297,NA,-3.7297,1.0000,T2_S2-31.P46_Ssid_T1-2_Fe_R2.csv
T2_S2-4,T2,S2-4,S2,D,Fe,R2,0.00E+000,9.26E-005,9.26E-005,-4.0334,NA,-4.0334,1.0000,T2_S2-4.P46_Ssid_T1-2_Fe_R2.csv
T2_S3-11,T2,S3-11,S3,DC,Fe,R2,5.97E-005,9.68E-005,1.57E-004,-3.8053,-4.2239,-4.0139,0.6186,T2_S3-11.P46_Ssid_T1-2_Fe_R2.csv
T2_S3-7,T2,S3-7,S3,DC,Fe,R2,1.97E-004,8.55E-005,2.83E-004,-3.5484,-3.7047,-4.0679,0.3023,T2_S3-7.P46_Ssid_T1-2_Fe_R2.csv
T2_S4-26,T2,S4-26,S4,DC,Fe,R2,7.14E-005,9.95E-005,1.71E-004,-3.7672,-4.1462,-4.0022,0.5822,T2_S4-26.P46_Ssid_T1-2_Fe_R2.csv
T2_S4-28,T2,S4-28,S4,D,Fe,R2,4.39E-007,2.44E-004,2.44E-004,-3.6118,-6.3579,-3.6126,0.9982,T2_S4-28.P46_Ssid_T1-2_Fe_R2.csv
T2_S5-13,T2,S5-13,S5,D,Fe,R2,0.00E+000,2.14E-004,2.14E-004,-3.6704,NA,-3.6704,1.0000,T2_S5-13.P46_Ssid_T1-2_Fe_R2.csv
T2_S5-23,T2,S5-23,S5,DC,Fe,R2,2.90E-005,1.70E-004,1.99E-004,-3.7014,-4.5383,-3.7698,0.8544,T2_S5-23.P46_Ssid_T1-2_Fe_R2.csv
T2_S6-15,T2,S6-15,S6,D,Fe,R2,4.54E-006,4.30E-004,4.35E-004,-3.3619,-5.3425,-3.3665,0.9895,T2_S6-15.P46_Ssid_T1-2_Fe_R2.csv
T2_S6-21,T2,S6-21,S6,D,Fe,R2,0.00E+000,2.92E-004,2.92E-004,-3.5342,NA,-3.5342,1.0000,T2_S6-21.P46_Ssid_T1-2_Fe_R2.csv
T2_S1-17,T2,S1-17,S1,C,N,R1,2.10E-005,0.00E+000,2.10E-005,-4.6786,-4.6786,NA,0.0000,T2_S1-17.P06_Ssid_T2_N_R1.csv
T2_S1-25,T2,S1-25,S1,C,N,R1,3.61E-005,0.00E+000,3.61E-005,-4.4426,-4.4426,NA,0.0000,T2_S1-25.P06_Ssid_T2_N_R1.csv
T2_S2-21,T2,S2-21,S2,D,N,R1,0.00E+000,1.28E-004,1.28E-004,-3.8941,NA,-3.8941,1.0000,T2_S2-21.P06_Ssid_T2_N_R1.csv
T2_S2-24,T2,S2-24,S2,D,N,R1,0.00E+000,1.24E-004,1.24E-004,-3.9074,NA,-3.9074,1.0000,T2_S2-24.P06_Ssid_T2_N_R1.csv
T2_S3-10,T2,S3-10,S3,DC,N,R1,1.21E-004,2.05E-004,3.36E-004,-3.4743,-3.9160,-3.6874,0.6122,T2_S3-10.P06_Ssid_T2_N_R1.csv
T2_S3-8,T2,S3-8,S3,DC,N,R1,2.29E-004,6.98E-005,2.98E-004,-3.5253,-3.6411,-4.1560,0.2341,T2_S3-8.P06_Ssid_T2_N_R1.csv
T2_S4-19,T2,S4-19,S4,DC,N,R1,3.65E-004,1.09E-004,4.73E-004,-3.3248,-3.4381,-3.9639,0.2296,T2_S4-19.P06_Ssid_T2_N_R1.csv
T2_S4-29,T2,S4-29,S4,DC,N,R1,2.38E-004,4.72E-005,2.85E-004,-3.5445,-3.6229,-4.3263,0.1652,T2_S4-29.P06_Ssid_T2_N_R1.csv
T2_S5-11,T2,S5-11,S5,D,N,R1,2.35E-005,1.21E-003,1.23E-003,-2.9102,-4.6290,-2.9185,0.9809,T2_S5-11.P06_Ssid_T2_N_R1.csv
T2_S5-7,T2,S5-7,S5,D,N,R1,5.91E-005,6.87E-004,7.46E-004,-3.1270,-4.2284,-3.1629,0.9208,T2_S5-7.P06_Ssid_T2_N_R1.csv
T2_S6-24,T2,S6-24,S6,D,N,R1,1.94E-006,2.43E-004,2.45E-004,-3.6115,-5.7126,-3.6150,0.9921,T2_S6-24.P06_Ssid_T2_N_R1.csv
T2_S6-28,T2,S6-28,S6,D,N,R1,0.00E+000,5.53E-004,5.53E-004,-3.2574,NA,-3.2574,1.0000,T2_S6-28.P06_Ssid_T2_N_R1.csv
T2_S1-30,T2,S1-30,S1,DC,N,R2,3.10E-005,6.44E-006,3.75E-005,-4.4264,-4.5084,-5.1911,0.1719,T2_S1-30.P21_Ssid_T2_N_R2.csv
T2_S1-8,T2,S1-8,S1,DC,N,R2,6.50E-005,3.74E-005,1.02E-004,-3.9894,-4.1868,-4.4267,0.3653,T2_S1-8.P21_Ssid_T2_N_R2.csv
T2_S2-18,T2,S2-18,S2,D,N,R2,0.00E+000,7.53E-004,7.53E-004,-3.1232,NA,-3.1232,1.0000,T2_S2-18.P21_Ssid_T2_N_R2.csv
T2_S2-7,T2,S2-7,S2,D,N,R2,0.00E+000,1.92E-004,1.92E-004,-3.7159,NA,-3.7159,1.0000,T2_S2-7.P21_Ssid_T2_N_R2.csv
T2_S3-25,T2,S3-25,S3,D,N,R2,2.86E-006,2.03E-004,2.15E-004,-3.6675,-5.5433,-3.6921,0.9449,T2_S3-25.P21_Ssid_T2_N_R2.csv
T2_S3-30,T2,S3-30,S3,DC,N,R2,3.87E-005,1.75E-004,2.19E-004,-3.6604,-4.4125,-3.7573,0.7999,T2_S3-30.P21_Ssid_T2_N_R2.csv
T2_S4-22,T2,S4-22,S4,DC,N,R2,1.85E-004,2.70E-005,2.13E-004,-3.6726,-3.7317,-4.5685,0.1271,T2_S4-22.P21_Ssid_T2_N_R2.csv
T2_S4-7,T2,S4-7,S4,DC,N,R2,3.65E-004,1.94E-004,5.59E-004,-3.2525,-3.4376,-3.7120,0.3471,T2_S4-7.P21_Ssid_T2_N_R2.csv
T2_S5-17,T2,S5-17,S5,D,N,R2,0.00E+000,1.01E-003,1.01E-003,-2.9972,NA,-2.9972,1.0000,T2_S5-17.P21_Ssid_T2_N_R2.csv
T2_S5-18,T2,S5-18,S5,D,N,R2,5.86E-005,7.11E-004,7.70E-004,-3.1136,-4.2321,-3.1480,0.9239,T2_S5-18.P21_Ssid_T2_N_R2.csv
T2_S6-27,T2,S6-27,S6,DC,N,R2,1.49E-004,1.18E-004,2.66E-004,-3.5745,-3.8273,-3.9298,0.4413,T2_S6-27.P26_Ssid_T1_NP_R1.csv
T2_S6-29,T2,S6-29,S6,D,N,R2,0.00E+000,3.53E-003,3.53E-003,-2.4524,NA,-2.4524,1.0000,T2_S6-29.P21_Ssid_T2_N_R2.csv
T2_S1-15,T2,S1-15,S1,DC,NP,R1,2.31E-005,3.36E-006,2.64E-005,-4.5778,-4.6368,-5.4741,0.1270,T2_S1-15.P28_Ssid_T2_NP_R2.csv
T2_S1-24,T2,S1-24,S1,C,NP,R1,2.70E-005,0.00E+000,2.70E-005,-4.5681,-4.5681,NA,0.0000,T2_S1-24.P25_Ssid_T2_NP_R1.csv
T2_S2-3,T2,S2-3,S2,D,NP,R1,0.00E+000,2.17E-004,2.17E-004,-3.6626,NA,-3.6626,1.0000,T2_S2-3.P25_Ssid_T2_NP_R1.csv
T2_S2-9,T2,S2-9,S2,D,NP,R1,0.00E+000,3.19E-004,3.19E-004,-3.4960,NA,-3.4960,1.0000,T2_S2-9.P25_Ssid_T2_NP_R1.csv
T2_S3-21,T2,S3-21,S3,DC,NP,R1,1.28E-004,1.21E-004,2.54E-004,-3.5945,-3.8930,-3.9158,0.4772,T2_S3-21.P25_Ssid_T2_NP_R1.csv
T2_S3-26,T2,S3-26,S3,D,NP,R1,2.27E-005,2.48E-004,2.71E-004,-3.5670,-4.6435,-3.6050,0.9162,T2_S3-26.P25_Ssid_T2_NP_R1.csv
T2_S4-1,T2,S4-1,S4,C,NP,R1,2.20E-004,3.62E-006,2.24E-004,-3.6501,-3.6572,-5.4417,0.0162,T2_S4-1.P25_Ssid_T2_NP_R1.csv
T2_S4-2,T2,S4-2,S4,DC,NP,R1,6.36E-004,1.37E-004,7.73E-004,-3.1120,-3.1965,-3.8646,0.1768,T2_S4-2.P27_Ssid_T1_NP_R2.csv
T2_S5-1,T2,S5-1,S5,D,NP,R1,5.65E-006,2.24E-004,2.29E-004,-3.6393,-5.2481,-3.6501,0.9754,T2_S5-1.P25_Ssid_T2_NP_R1.csv
T2_S5-12,T2,S5-12,S5,D,NP,R1,0.00E+000,4.42E-004,4.42E-004,-3.3549,NA,-3.3549,1.0000,T2_S5-12.P25_Ssid_T2_NP_R1.csv
T2_S6-18,T2,S6-18,S6,D,NP,R1,0.00E+000,1.72E-003,1.72E-003,-2.7640,NA,-2.7640,1.0000,T2_S6-18.P25_Ssid_T2_NP_R1.csv
T2_S6-3,T2,S6-3,S6,D,NP,R1,7.09E-006,1.86E-003,1.86E-003,-2.7300,-5.1492,-2.7316,0.9962,T2_S6-3.P25_Ssid_T2_NP_R1.csv
T2_S1-11,T2,S1-11,S1,C,NP,R2,3.26E-005,7.90E-007,3.34E-005,-4.4759,-4.4863,-6.1021,0.0236,T2_S1-11.P28_Ssid_T2_NP_R2.csv
T2_S1-14,T2,S1-14,S1,C,NP,R2,3.35E-005,1.43E-007,3.36E-005,-4.4732,-4.4750,-6.8459,0.0042,T2_S1-14.P28_Ssid_T2_NP_R2.csv
T2_S2-13,T2,S2-13,S2,D,NP,R2,0.00E+000,1.77E-004,1.77E-004,-3.7526,NA,-3.7526,1.0000,T2_S2-13.P28_Ssid_T2_NP_R2.csv
T2_S2-8,T2,S2-8,S2,D,NP,R2,0.00E+000,1.81E-004,1.81E-004,-3.7426,NA,-3.7426,1.0000,T2_S2-8.P28_Ssid_T2_NP_R2.csv
T2_S3-17,T2,S3-17,S3,DC,NP,R2,1.29E-004,8.33E-005,2.16E-004,-3.6652,-3.8878,-4.0795,0.3852,T2_S3-17.P28_Ssid_T2_NP_R2.csv
T2_S3-2,T2,S3-2,S3,DC,NP,R2,4.47E-005,1.31E-004,1.80E-004,-3.7449,-4.3495,-3.8815,0.7302,T2_S3-2.P28_Ssid_T2_NP_R2.csv
T2_S4-16,T2,S4-16,S4,DC,NP,R2,9.50E-005,2.05E-004,3.00E-004,-3.5231,-4.0222,-3.6886,0.6832,T2_S4-16.P28_Ssid_T2_NP_R2.csv
T2_S4-4,T2,S4-4,S4,DC,NP,R2,2.59E-004,9.62E-005,3.56E-004,-3.4490,-3.5861,-4.0166,0.2706,T2_S4-4.P28_Ssid_T2_NP_R2.csv
T2_S5-2,T2,S5-2,S5,D,NP,R2,7.39E-007,2.27E-004,2.28E-004,-3.6425,-6.1314,-3.6439,0.9968,T2_S5-2.P28_Ssid_T2_NP_R2.csv
T2_S5-8,T2,S5-8,S5,D,NP,R2,6.83E-006,2.19E-004,2.26E-004,-3.6459,-5.1653,-3.6592,0.9698,T2_S5-8.P28_Ssid_T2_NP_R2.csv
T2_S6-31,T2,S6-31,S6,D,NP,R2,0.00E+000,6.38E-004,6.38E-004,-3.1949,NA,-3.1949,1.0000,T2_S6-31.P28_Ssid_T2_NP_R2.csv
T2_S6-8,T2,S6-8,S6,D,NP,R2,3.20E-007,5.75E-004,5.75E-004,-3.2401,-6.4943,-3.2403,0.9994,T2_S6-8.P47_Ssid_T0_CO2_R2.csv
T2_S1-18,T2,S1-18,S1,D,NPF,R1,7.99E-006,1.83E-004,1.91E-004,-3.7188,-5.0972,-3.7373,0.9582,T2_S1-18.P07_Ssid_T2_NPF_R1.csv
T2_S1-5,T2,S1-5,S1,DC,NPF,R1,1.20E-004,9.41E-005,2.14E-004,-3.6690,-3.9203,-4.0262,0.4393,T2_S1-5.P07_Ssid_T2_NPF_R1.csv
T2_S2-28,T2,S2-28,S2,D,NPF,R1,0.00E+000,4.13E-004,4.13E-004,-3.3837,NA,-3.3837,1.0000,T2_S2-28.P07_Ssid_T2_NPF_R1.csv
T2_S2-30,T2,S2-30,S2,D,NPF,R1,5.03E-007,2.70E-004,2.70E-004,-3.5683,-6.2982,-3.5691,0.9981,T2_S2-30.P07_Ssid_T2_NPF_R1.csv
T2_S3-1,T2,S3-1,S3,DC,NPF,R1,1.24E-004,6.77E-005,1.92E-004,-3.7165,-3.9053,-4.1692,0.3526,T2_S3-1.P07_Ssid_T2_NPF_R1.csv
T2_S3-28,T2,S3-28,S3,DC,NPF,R1,7.16E-005,2.61E-004,3.38E-004,-3.4713,-4.1449,-3.5837,0.7719,T2_S3-28.P07_Ssid_T2_NPF_R1.csv
T2_S4-10,T2,S4-10,S4,DC,NPF,R1,3.20E-004,4.61E-005,3.66E-004,-3.4363,-3.4947,-4.3366,0.1258,T2_S4-10.P07_Ssid_T2_NPF_R1.csv
T2_S4-17,T2,S4-17,S4,DC,NPF,R1,1.29E-004,7.61E-005,2.06E-004,-3.6866,-3.8907,-4.1184,0.3700,T2_S4-17.P07_Ssid_T2_NPF_R1.csv
T2_S5-27,T2,S5-27,S5,D,NPF,R1,1.61E-005,1.54E-004,1.70E-004,-3.7685,-4.7936,-3.8116,0.9056,T2_S5-27.P07_Ssid_T2_NPF_R1.csv
T2_S5-5,T2,S5-5,S5,D,NPF,R1,2.80E-007,2.16E-004,2.16E-004,-3.6658,-6.5532,-3.6664,0.9987,T2_S5-5.P07_Ssid_T2_NPF_R1.csv
T2_S6-13,T2,S6-13,S6,D,NPF,R1,2.20E-006,4.66E-004,4.68E-004,-3.3298,-5.6568,-3.3319,0.9953,T2_S6-13.P07_Ssid_T2_NPF_R1.csv
T2_S6-6,T2,S6-6,S6,D,NPF,R1,2.91E-006,5.01E-004,5.03E-004,-3.2981,-5.5364,-3.3006,0.9942,T2_S6-6.P07_Ssid_T2_NPF_R1.csv
T2_S1-2,T2,S1-2,S1,DC,NPF,R2,1.23E-004,2.92E-005,1.52E-004,-3.8171,-3.9094,-4.5350,0.1915,T2_S1-2.P24_Ssid_T2_NPF_R2.csv
T2_S1-28,T2,S1-28,S1,DC,NPF,R2,3.55E-005,7.90E-005,1.14E-004,-3.9412,-4.4493,-4.1026,0.6896,T2_S1-28.P24_Ssid_T2_NPF_R2.csv
T2_S2-14,T2,S2-14,S2,D,NPF,R2,0.00E+000,3.37E-004,3.37E-004,-3.4721,NA,-3.4721,1.0000,T2_S2-14.P24_Ssid_T2_NPF_R2.csv
T2_S2-23,T2,S2-23,S2,D,NPF,R2,0.00E+000,4.25E-004,4.25E-004,-3.3719,NA,-3.3719,1.0000,T2_S2-23.P24_Ssid_T2_NPF_R2.csv
T2_S3-13,T2,S3-13,S3,DC,NPF,R2,1.18E-004,1.12E-004,2.30E-004,-3.6379,-3.9281,-3.9500,0.4874,T2_S3-13.P24_Ssid_T2_NPF_R2.csv
T2_S3-16,T2,S3-16,S3,DC,NPF,R2,3.95E-004,3.32E-004,7.27E-004,-3.1387,-3.4033,-3.4795,0.4562,T2_S3-16.P24_Ssid_T2_NPF_R2.csv
T2_S4-13,T2,S4-13,S4,DC,NPF,R2,1.57E-004,5.30E-005,2.10E-004,-3.6769,-3.8028,-4.2760,0.2517,T2_S4-13.P24_Ssid_T2_NPF_R2.csv
T2_S4-18,T2,S4-18,S4,DC,NPF,R2,1.29E-005,6.96E-005,8.25E-005,-4.0837,-4.8902,-4.1574,0.8439,T2_S4-18.P47_Ssid_T0_CO2_R2.csv
T2_S5-19,T2,S5-19,S5,D,NPF,R2,9.40E-007,3.69E-004,3.69E-004,-3.4324,-6.0270,-3.4335,0.9975,T2_S5-19.P24_Ssid_T2_NPF_R2.csv
T2_S5-21,T2,S5-21,S5,DC,NPF,R2,4.19E-005,2.52E-004,2.94E-004,-3.5323,-4.3779,-3.5992,0.8573,T2_S5-21.P24_Ssid_T2_NPF_R2.csv
T2_S6-10,T2,S6-10,S6,D,NPF,R2,3.96E-007,5.39E-004,5.39E-004,-3.2683,-6.4026,-3.2686,0.9993,T2_S6-10.P24_Ssid_T2_NPF_R2.csv
T2_S6-25,T2,S6-25,S6,D,NPF,R2,4.42E-007,5.50E-004,5.50E-004,-3.2596,-6.3543,-3.2600,0.9992,T2_S6-25.P24_Ssid_T2_NPF_R2.csv
T3_S1-10,T3,S1-10,S1,C,C,R1,7.94E-005,7.14E-006,8.66E-005,-4.0626,-4.1000,-5.1464,0.0825,T3_S1-10.P29_Ssid_T3_C_R1-2.csv
T3_S1-26,T3,S1-26,S1,C,C,R1,4.20E-005,0.00E+000,4.20E-005,-4.3771,-4.3771,NA,0.0000,T3_S1-26.P29_Ssid_T3_C_R1-2.csv
T3_S2-11,T3,S2-11,S2,D,C,R1,0.00E+000,8.07E-004,8.07E-004,-3.0931,NA,-3.0931,1.0000,T3_S2-11.P29_Ssid_T3_C_R1-2.csv
T3_S2-22,T3,S2-22,S2,D,C,R1,0.00E+000,5.30E-004,5.30E-004,-3.2756,NA,-3.2756,1.0000,T3_S2-22.P29_Ssid_T3_C_R1-2.csv
T3_S3-18,T3,S3-18,S3,C,C,R1,3.54E-003,2.44E-004,3.78E-003,-2.4226,-2.4516,-3.6133,0.0645,T3_S3-18.P29_Ssid_T3_C_R1-2.csv
T3_S3-29,T3,S3-29,S3,C,C,R1,3.83E-003,2.62E-004,4.09E-003,-2.3883,-2.4171,-3.5810,0.0642,T3_S3-29.P29_Ssid_T3_C_R1-2.csv
T3_S4-12,T3,S4-12,S4,DC,C,R1,1.71E-003,3.43E-004,2.06E-003,-2.6865,-2.7658,-3.4642,0.1669,T3_S4-12.P29_Ssid_T3_C_R1-2.csv
T3_S4-8,T3,S4-8,S4,C,C,R1,3.10E-003,2.26E-004,3.32E-003,-2.4787,-2.5093,-3.6461,0.0680,T3_S4-8.P29_Ssid_T3_C_R1-2.csv
T3_S5-24,T3,S5-24,S5,D,C,R1,4.92E-005,3.21E-003,3.26E-003,-2.4864,-4.3077,-2.4930,0.9849,T3_S5-24.P29_Ssid_T3_C_R1-2.csv
T3_S5-9,T3,S5-9,S5,DC,C,R1,1.69E-003,4.97E-003,6.66E-003,-2.1768,-2.7721,-2.3040,0.7461,T3_S5-9.P29_Ssid_T3_C_R1-2.csv
T3_S6-20,T3,S6-20,S6,D,C,R1,1.18E-004,9.65E-003,9.77E-003,-2.0102,-3.9290,-2.0154,0.9879,T3_S6-20.P45_Ssid_ReRuns.csv
T3_S6-5,T3,S6-5,S6,D,C,R1,4.33E-005,2.72E-003,2.77E-003,-2.5578,-4.3636,-2.5647,0.9844,T3_S6-5.P29_Ssid_T3_C_R1-2.csv
T3_S1-13,T3,S1-13,S1,C,C,R2,3.20E-005,0.00E+000,3.20E-005,-4.4945,-4.4945,NA,0.0000,T3_S1-13.P29_Ssid_T3_C_R1-2.csv
T3_S1-23,T3,S1-23,S1,DC,C,R2,1.73E-005,7.61E-006,2.49E-005,-4.6035,-4.7617,-5.1189,0.3052,T3_S1-23.P29_Ssid_T3_C_R1-2.csv
T3_S2-10,T3,S2-10,S2,D,C,R2,8.71E-006,2.03E-004,2.11E-004,-3.6752,-5.0602,-3.6934,0.9588,T3_S2-10.P29_Ssid_T3_C_R1-2.csv
T3_S2-2,T3,S2-2,S2,D,C,R2,0.00E+000,2.78E-004,2.78E-004,-3.5552,NA,-3.5552,1.0000,T3_S2-2.P29_Ssid_T3_C_R1-2.csv
T3_S3-20,T3,S3-20,S3,DC,C,R2,7.32E-004,1.63E-004,8.95E-004,-3.0483,-3.1357,-3.7875,0.1823,T3_S3-20.P29_Ssid_T3_C_R1-2.csv
T3_S3-4,T3,S3-4,S3,C,C,R2,1.18E-003,5.23E-005,1.24E-003,-2.9082,-2.9269,-4.2813,0.0424,T3_S3-4.P29_Ssid_T3_C_R1-2.csv
T3_S4-24,T3,S4-24,S4,DC,C,R2,6.33E-004,1.02E-004,7.35E-004,-3.1338,-3.1988,-3.9910,0.1389,T3_S4-24.P29_Ssid_T3_C_R1-2.csv
T3_S4-3,T3,S4-3,S4,C,C,R2,5.99E-004,3.42E-005,6.33E-004,-3.1986,-3.2228,-4.4654,0.0541,T3_S4-3.P29_Ssid_T3_C_R1-2.csv
T3_S5-10,T3,S5-10,S5,DC,C,R2,1.64E-003,4.67E-004,2.11E-003,-2.6763,-2.7852,-3.3307,0.2217,T3_S5-10.P29_Ssid_T3_C_R1-2.csv
T3_S5-15,T3,S5-15,S5,D,C,R2,2.80E-005,7.24E-004,7.52E-004,-3.1239,-4.5522,-3.1404,0.9627,T3_S5-15.P29_Ssid_T3_C_R1-2.csv
T3_S6-23,T3,S6-23,S6,D,C,R2,6.64E-006,1.61E-003,1.62E-003,-2.7914,-5.1777,-2.7932,0.9959,T3_S6-23.P29_Ssid_T3_C_R1-2.csv
T3_S6-26,T3,S6-26,S6,D,C,R2,2.97E-005,3.28E-003,3.31E-003,-2.4808,-4.5268,-2.4848,0.9910,T3_S6-26.P29_Ssid_T3_C_R1-2.csv
T3_S1-21,T3,S1-21,S1,DC,CO2,R1,3.20E-005,8.21E-005,1.14E-004,-3.9430,-4.4955,-4.0858,0.7198,T3_S1-21.P39_Ssid_T3_CO2_R1-2.csv
T3_S1-29,T3,S1-29,S1,DC,CO2,R1,1.98E-005,1.14E-004,1.34E-004,-3.8741,-4.7044,-3.9436,0.8522,T3_S1-29.P39_Ssid_T3_CO2_R1-2.csv
T3_S2-19,T3,S2-19,S2,D,CO2,R1,1.33E-006,4.81E-004,4.82E-004,-3.3166,-5.8768,-3.3178,0.9972,T3_S2-19.P39_Ssid_T3_CO2_R1-2.csv
T3_S2-6,T3,S2-6,S2,D,CO2,R1,0.00E+000,5.22E-004,5.22E-004,-3.2826,NA,-3.2826,1.0000,T3_S2-6.P39_Ssid_T3_CO2_R1-2.csv
T3_S3-22,T3,S3-22,S3,DC,CO2,R1,2.84E-004,5.55E-004,8.39E-004,-3.0761,-3.5462,-3.2557,0.6613,T3_S3-22.P39_Ssid_T3_CO2_R1-2.csv
T3_S3-31,T3,S3-31,S3,DC,CO2,R1,2.63E-004,4.54E-004,7.17E-004,-3.1443,-3.5797,-3.3429,0.6330,T3_S3-31.P39_Ssid_T3_CO2_R1-2.csv
T3_S4-23,T3,S4-23,S4,DC,CO2,R1,2.11E-004,6.51E-004,8.62E-004,-3.0645,-3.6755,-3.1865,0.7551,T3_S4-23.P39_Ssid_T3_CO2_R1-2.csv
T3_S4-5,T3,S4-5,S4,DC,CO2,R1,2.75E-004,9.54E-004,1.23E-003,-2.9103,-3.5600,-3.0204,0.7760,T3_S4-5.P39_Ssid_T3_CO2_R1-2.csv
T3_S5-20,T3,S5-20,S5,D,CO2,R1,0.00E+000,4.27E-003,4.27E-003,-2.3697,NA,-2.3697,1.0000,T3_S5-20.P39_Ssid_T3_CO2_R1-2.csv
T3_S5-4,T3,S5-4,S5,D,CO2,R1,3.81E-005,4.63E-003,4.67E-003,-2.3309,-4.4196,-2.3345,0.9918,T3_S5-4.P45_Ssid_ReRuns.csv
T3_S6-19,T3,S6-19,S6,D,CO2,R1,0.00E+000,1.49E-003,1.49E-003,-2.8280,NA,-2.8280,1.0000,T3_S6-19.P39_Ssid_T3_CO2_R1-2.csv
T3_S6-4,T3,S6-4,S6,D,CO2,R1,9.77E-006,3.07E-003,3.08E-003,-2.5113,-5.0102,-2.5127,0.9968,T3_S6-4.P39_Ssid_T3_CO2_R1-2.csv
T3_S1-20,T3,S1-20,S1,DC,CO2,R2,3.20E-005,1.00E-004,1.32E-004,-3.8784,-4.4944,-3.9988,0.7579,T3_S1-20.P39_Ssid_T3_CO2_R1-2.csv
T3_S1-3,T3,S1-3,S1,C,CO2,R2,1.09E-004,3.37E-006,1.12E-004,-3.9499,-3.9631,-5.4724,0.0300,T3_S1-3.P39_Ssid_T3_CO2_R1-2.csv
T3_S2-27,T3,S2-27,S2,D,CO2,R2,0.00E+000,2.80E-004,2.80E-004,-3.5533,NA,-3.5533,1.0000,T3_S2-27.P39_Ssid_T3_CO2_R1-2.csv
T3_S2-5,T3,S2-5,S2,D,CO2,R2,0.00E+000,5.40E-004,5.40E-004,-3.2680,NA,-3.2680,1.0000,T3_S2-5.P39_Ssid_T3_CO2_R1-2.csv
T3_S3-15,T3,S3-15,S3,DC,CO2,R2,2.92E-004,5.24E-004,8.16E-004,-3.0883,-3.5343,-3.2808,0.6419,T3_S3-15.P39_Ssid_T3_CO2_R1-2.csv
T3_S3-24,T3,S3-24,S3,DC,CO2,R2,9.82E-005,3.99E-004,4.97E-004,-3.3037,-4.0079,-3.3994,0.8024,T3_S3-24.P39_Ssid_T3_CO2_R1-2.csv
T3_S4-20,T3,S4-20,S4,D,CO2,R2,5.31E-005,9.25E-004,9.78E-004,-3.0098,-4.2749,-3.0341,0.9457,T3_S4-20.P39_Ssid_T3_CO2_R1-2.csv
T3_S4-6,T3,S4-6,S4,DC,CO2,R2,3.20E-004,4.86E-004,8.05E-004,-3.0942,-3.4955,-3.3138,0.6031,T3_S4-6.P39_Ssid_T3_CO2_R1-2.csv
T3_S5-16,T3,S5-16,S5,D,CO2,R2,3.55E-005,5.59E-003,5.62E-003,-2.2499,-4.4492,-2.2527,0.9937,T3_S5-16.P39_Ssid_T3_CO2_R1-2.csv
T3_S5-26,T3,S5-26,S5,D,CO2,R2,5.21E-005,3.13E-003,3.19E-003,-2.4969,-4.2831,-2.5040,0.9836,T3_S5-26.P40ER15_Ssid_T0T3_CO2_R1-2.csv
T3_S6-2,T3,S6-2,S6,D,CO2,R2,5.01E-006,1.36E-003,1.36E-003,-2.8657,-5.3003,-2.8673,0.9963,T3_S6-2.P40ER15_Ssid_T0T3_CO2_R1-2.csv
T3_S6-22,T3,S6-22,S6,D,CO2,R2,1.97E-005,2.44E-003,2.46E-003,-2.6085,-4.7045,-2.6120,0.9920,T3_S6-22.P40ER15_Ssid_T0T3_CO2_R1-2.csv
T3_S1-19,T3,S1-19,S1,D,D,R1,3.31E-006,3.14E-004,3.17E-004,-3.4984,-5.4798,-3.5029,0.9896,T3_S1-19.P38_Ssid_T3_D_R1-2.csv
T3_S1-4,T3,S1-4,S1,DC,D,R1,3.31E-004,3.20E-004,6.51E-004,-3.1866,-3.4804,-3.4949,0.4916,T3_S1-4.P38_Ssid_T3_D_R1-2.csv
T3_S2-20,T3,S2-20,S2,D,D,R1,0.00E+000,6.92E-004,6.92E-004,-3.1598,NA,-3.1598,1.0000,T3_S2-20.P38_Ssid_T3_D_R1-2.csv
T3_S2-29,T3,S2-29,S2,D,D,R1,0.00E+000,1.05E-003,1.05E-003,-2.9772,NA,-2.9772,1.0000,T3_S2-29.P38_Ssid_T3_D_R1-2.csv
T3_S3-19,T3,S3-19,S3,DC,D,R1,1.60E-003,1.80E-003,3.39E-003,-2.4692,-2.7971,-2.7450,0.5299,T3_S3-19.P38_Ssid_T3_D_R1-2.csv
T3_S3-3,T3,S3-3,S3,DC,D,R1,5.86E-004,1.63E-003,2.21E-003,-2.6548,-3.2322,-2.7882,0.7354,T3_S3-3.P38_Ssid_T3_D_R1-2.csv
T3_S4-21,T3,S4-21,S4,D,D,R1,1.20E-004,1.49E-003,1.61E-003,-2.7926,-3.9203,-2.8262,0.9255,T3_S4-21.P38_Ssid_T3_D_R1-2.csv
T3_S4-30,T3,S4-30,S4,D,D,R1,1.50E-005,1.27E-003,1.29E-003,-2.8908,-4.8227,-2.8959,0.9883,T3_S4-30.P38_Ssid_T3_D_R1-2.csv
T3_S5-22,T3,S5-22,S5,D,D,R1,6.00E-006,2.94E-003,2.95E-003,-2.5307,-5.2220,-2.5315,0.9980,T3_S5-22.P38_Ssid_T3_D_R1-2.csv
T3_S5-3,T3,S5-3,S5,D,D,R1,0.00E+000,4.54E-003,4.54E-003,-2.3426,NA,-2.3426,1.0000,T3_S5-3.P38_Ssid_T3_D_R1-2.csv
T3_S6-14,T3,S6-14,S6,D,D,R1,4.13E-005,8.00E-003,8.04E-003,-2.0947,-4.3840,-2.0970,0.9949,T3_S6-14.P45_Ssid_ReRuns.csv
T3_S6-9,T3,S6-9,S6,D,D,R1,0.00E+000,4.79E-003,4.79E-003,-2.3196,NA,-2.3196,1.0000,T3_S6-9.P38_Ssid_T3_D_R1-2.csv
T3_S1-22,T3,S1-22,S1,DC,D,R2,8.23E-005,9.27E-005,1.75E-004,-3.7569,-4.0847,-4.0327,0.5299,T3_S1-22.P38_Ssid_T3_D_R1-2.csv
T3_S1-7,T3,S1-7,S1,D,D,R2,4.93E-006,1.66E-004,1.71E-004,-3.7666,-5.3073,-3.7793,0.9712,T3_S1-7.P38_Ssid_T3_D_R1-2.csv
T3_S2-1,T3,S2-1,S2,D,D,R2,0.00E+000,9.35E-004,9.35E-004,-3.0290,NA,-3.0290,1.0000,T3_S2-1.P38_Ssid_T3_D_R1-2.csv
T3_S2-15,T3,S2-15,S2,D,D,R2,0.00E+000,6.41E-004,6.41E-004,-3.1934,NA,-3.1934,1.0000,T3_S2-15.P38_Ssid_T3_D_R1-2.csv
T3_S3-27,T3,S3-27,S3,D,D,R2,0.00E+000,1.22E-003,1.22E-003,-2.9135,NA,-2.9135,1.0000,T3_S3-27.P38_Ssid_T3_D_R1-2.csv
T3_S3-9,T3,S3-9,S3,DC,D,R2,7.20E-004,1.28E-003,2.00E-003,-2.6984,-3.1429,-2.8918,0.6407,T3_S3-9.P38_Ssid_T3_D_R1-2.csv
T3_S4-14,T3,S4-14,S4,DC,D,R2,3.88E-004,1.07E-003,1.46E-003,-2.8362,-3.4107,-2.9707,0.7336,T3_S4-14.P38_Ssid_T3_D_R1-2.csv
T3_S4-25,T3,S4-25,S4,D,D,R2,1.22E-004,2.08E-003,2.20E-003,-2.6574,-3.9144,-2.6821,0.9447,T3_S4-25.P38_Ssid_T3_D_R1-2.csv
T3_S5-6,T3,S5-6,S5,D,D,R2,9.01E-006,1.53E-003,1.54E-003,-2.8122,-5.0453,-2.8148,0.9942,T3_S5-6.P38_Ssid_T3_D_R1-2.csv
T3_S6-11,T3,S6-11,S6,D,D,R2,3.18E-006,1.37E-003,1.37E-003,-2.8629,-5.4970,-2.8639,0.9977,T3_S6-11.P38_Ssid_T3_D_R1-2.csv
T3_S6-17,T3,S6-17,S6,D,D,R2,0.00E+000,1.46E-003,1.46E-003,-2.8371,NA,-2.8371,1.0000,T3_S6-17.P38_Ssid_T3_D_R1-2.csv
T3_S1-6,T3,S1-6,S1,DC,Fe,R1,8.12E-005,1.14E-005,9.26E-005,-4.0334,-4.0906,-4.9418,0.1235,T3_S1-6.P32_Ssid_T3_Fe_R1-2.csv
T3_S1-9,T3,S1-9,S1,DC,Fe,R1,5.59E-005,2.50E-005,8.09E-005,-4.0922,-4.2525,-4.6028,0.3087,T3_S1-9.P32_Ssid_T3_Fe_R1-2.csv
T3_S2-16,T3,S2-16,S2,D,Fe,R1,0.00E+000,3.05E-004,3.05E-004,-3.5164,NA,-3.5164,1.0000,T3_S2-16.P32_Ssid_T3_Fe_R1-2.csv
T3_S2-25,T3,S2-25,S2,D,Fe,R1,0.00E+000,3.55E-004,3.55E-004,-3.4492,NA,-3.4492,1.0000,T3_S2-25.P32_Ssid_T3_Fe_R1-2.csv
T3_S3-12,T3,S3-12,S3,DC,Fe,R1,2.18E-004,1.56E-004,3.73E-004,-3.4279,-3.6623,-3.8078,0.4170,T3_S3-12.P32_Ssid_T3_Fe_R1-2.csv
T3_S3-6,T3,S3-6,S3,DC,Fe,R1,7.71E-004,9.65E-005,8.67E-004,-3.0619,-3.1132,-4.0157,0.1112,T3_S3-6.P32_Ssid_T3_Fe_R1-2.csv
T3_S4-11,T3,S4-11,S4,DC,Fe,R1,3.11E-004,7.49E-005,3.86E-004,-3.4130,-3.5066,-4.1257,0.1938,T3_S4-11.P32_Ssid_T3_Fe_R1-2.csv
T3_S4-9,T3,S4-9,S4,C,Fe,R1,3.62E-004,1.41E-005,3.76E-004,-3.4249,-3.4415,-4.8504,0.0375,T3_S4-9.P32_Ssid_T3_Fe_R1-2.csv
T3_S5-14,T3,S5-14,S5,D,Fe,R1,0.00E+000,4.17E-004,4.17E-004,-3.3803,NA,-3.3803,1.0000,T3_S5-14.P32_Ssid_T3_Fe_R1-2.csv
T3_S5-25,T3,S5-25,S5,D,Fe,R1,6.56E-006,6.39E-004,6.45E-004,-3.1904,-5.1831,-3.1948,0.9898,T3_S5-25.P32_Ssid_T3_Fe_R1-2.csv
T3_S6-1,T3,S6-1,S6,D,Fe,R1,1.53E-006,6.33E-004,6.35E-004,-3.1973,-5.8152,-3.1983,0.9976,T3_S6-1.P32_Ssid_T3_Fe_R1-2.csv
T3_S6-12,T3,S6-12,S6,D,Fe,R1,1.64E-005,1.95E-003,1.96E-003,-2.7071,-4.7861,-2.7107,0.9917,T3_S6-12.P32_Ssid_T3_Fe_R1-2.csv
T3_S1-12,T3,S1-12,S1,C,Fe,R2,1.97E-005,0.00E+000,1.97E-005,-4.7051,-4.7051,NA,0.0000,T3_S1-12.P32_Ssid_T3_Fe_R1-2.csv
T3_S1-16,T3,S1-16,S1,C,Fe,R2,1.76E-005,5.01E-007,1.81E-005,-4.7425,-4.7547,-6.3005,0.0277,T3_S1-16.P32_Ssid_T3_Fe_R1-2.csv
T3_S2-31,T3,S2-31,S2,D,Fe,R2,0.00E+000,3.18E-004,3.18E-004,-3.4972,NA,-3.4972,1.0000,T3_S2-31.P32_Ssid_T3_Fe_R1-2.csv
T3_S2-4,T3,S2-4,S2,D,Fe,R2,0.00E+000,2.16E-004,2.16E-004,-3.6659,NA,-3.6659,1.0000,T3_S2-4.P32_Ssid_T3_Fe_R1-2.csv
T3_S3-11,T3,S3-11,S3,DC,Fe,R2,2.93E-004,6.44E-005,3.58E-004,-3.4465,-3.5327,-4.1914,0.1800,T3_S3-11.P32_Ssid_T3_Fe_R1-2.csv
T3_S3-7,T3,S3-7,S3,C,Fe,R2,4.70E-004,1.69E-005,4.87E-004,-3.3122,-3.3275,-4.7724,0.0347,T3_S3-7.P32_Ssid_T3_Fe_R1-2.csv
T3_S4-26,T3,S4-26,S4,DC,Fe,R2,1.25E-004,9.04E-005,2.15E-004,-3.6668,-3.9030,-4.0440,0.4195,T3_S4-26.P32_Ssid_T3_Fe_R1-2.csv
T3_S4-28,T3,S4-28,S4,DC,Fe,R2,2.81E-005,1.01E-004,1.29E-004,-3.8902,-4.5510,-3.9972,0.7816,T3_S4-28.P32_Ssid_T3_Fe_R1-2.csv
T3_S5-13,T3,S5-13,S5,D,Fe,R2,0.00E+000,2.21E-004,2.21E-004,-3.6566,NA,-3.6566,1.0000,T3_S5-13.P32_Ssid_T3_Fe_R1-2.csv
T3_S5-23,T3,S5-23,S5,DC,Fe,R2,8.82E-005,4.16E-004,5.04E-004,-3.2973,-4.0544,-3.3808,0.8251,T3_S5-23.P32_Ssid_T3_Fe_R1-2.csv
T3_S6-15,T3,S6-15,S6,D,Fe,R2,1.29E-005,5.23E-004,5.36E-004,-3.2711,-4.8907,-3.2817,0.9760,T3_S6-15.P32_Ssid_T3_Fe_R1-2.csv
T3_S6-21,T3,S6-21,S6,D,Fe,R2,1.20E-006,3.35E-004,3.36E-004,-3.4738,-5.9195,-3.4754,0.9964,T3_S6-21.P45_Ssid_ReRuns.csv
T3_S1-17,T3,S1-17,S1,DC,N,R1,7.72E-005,1.14E-004,1.91E-004,-3.7195,-4.1124,-3.9447,0.5954,T3_S1-17.P33_Ssid_T3_N_R1-2.csv
T3_S1-25,T3,S1-25,S1,C,N,R1,1.90E-004,0.00E+000,1.90E-004,-3.7203,-3.7203,NA,0.0000,T3_S1-25.P33_Ssid_T3_N_R1-2.csv
T3_S2-21,T3,S2-21,S2,D,N,R1,0.00E+000,9.65E-004,9.65E-004,-3.0156,NA,-3.0156,1.0000,T3_S2-21.P33_Ssid_T3_N_R1-2.csv
T3_S2-24,T3,S2-24,S2,D,N,R1,0.00E+000,3.02E-003,3.02E-003,-2.5199,NA,-2.5199,1.0000,T3_S2-24.P33_Ssid_T3_N_R1-2.csv
T3_S3-10,T3,S3-10,S3,DC,N,R1,2.77E-003,9.47E-004,3.72E-003,-2.4298,-2.5575,-3.0237,0.2548,T3_S3-10.P33_Ssid_T3_N_R1-2.csv
T3_S3-8,T3,S3-8,S3,C,N,R1,1.55E-003,6.67E-005,1.62E-003,-2.7915,-2.8098,-4.1759,0.0413,T3_S3-8.P33_Ssid_T3_N_R1-2.csv
T3_S4-19,T3,S4-19,S4,DC,N,R1,5.53E-004,2.20E-004,7.72E-004,-3.1121,-3.2577,-3.6576,0.2848,T3_S4-19.P33_Ssid_T3_N_R1-2.csv
T3_S4-29,T3,S4-29,S4,DC,N,R1,3.86E-004,4.59E-004,8.45E-004,-3.0731,-3.4134,-3.3380,0.5433,T3_S4-29.P33_Ssid_T3_N_R1-2.csv
T3_S5-11,T3,S5-11,S5,D,N,R1,0.00E+000,6.34E-003,6.34E-003,-2.1976,NA,-2.1976,1.0000,T3_S5-11.P33_Ssid_T3_N_R1-2.csv
T3_S5-7,T3,S5-7,S5,D,N,R1,0.00E+000,2.27E-003,2.27E-003,-2.6449,NA,-2.6449,1.0000,T3_S5-7.P33_Ssid_T3_N_R1-2.csv
T3_S6-24,T3,S6-24,S6,D,N,R1,0.00E+000,6.87E-003,6.87E-003,-2.1632,NA,-2.1632,1.0000,T3_S6-24.P33_Ssid_T3_N_R1-2.csv
T3_S6-28,T3,S6-28,S6,D,N,R1,0.00E+000,1.22E-002,1.22E-002,-1.9145,NA,-1.9145,1.0000,T3_S6-28.P33_Ssid_T3_N_R1-2.csv
T3_S1-30,T3,S1-30,S1,C,N,R2,5.80E-005,1.33E-006,5.93E-005,-4.2267,-4.2366,-5.8749,0.0225,T3_S1-30.P33_Ssid_T3_N_R1-2.csv
T3_S1-8,T3,S1-8,S1,DC,N,R2,3.27E-005,4.35E-006,3.70E-005,-4.4318,-4.4861,-5.3616,0.1175,T3_S1-8.P45_Ssid_ReRuns.csv
T3_S2-18,T3,S2-18,S2,D,N,R2,0.00E+000,7.26E-004,7.26E-004,-3.1392,NA,-3.1392,1.0000,T3_S2-18.P33_Ssid_T3_N_R1-2.csv
T3_S2-7,T3,S2-7,S2,D,N,R2,0.00E+000,4.41E-004,4.41E-004,-3.3560,NA,-3.3560,1.0000,T3_S2-7.P33_Ssid_T3_N_R1-2.csv
T3_S3-25,T3,S3-25,S3,DC,N,R2,2.26E-005,1.43E-004,1.66E-004,-3.7804,-4.6454,-3.8441,0.8636,T3_S3-25.P33_Ssid_T3_N_R1-2.csv
T3_S3-30,T3,S3-30,S3,DC,N,R2,1.40E-004,1.74E-004,3.15E-004,-3.5021,-3.8529,-3.7584,0.5542,T3_S3-30.P33_Ssid_T3_N_R1-2.csv
T3_S4-22,T3,S4-22,S4,DC,N,R2,4.74E-004,6.48E-005,5.39E-004,-3.2685,-3.3241,-4.1887,0.1202,T3_S4-22.P33_Ssid_T3_N_R1-2.csv
T3_S4-7,T3,S4-7,S4,DC,N,R2,3.59E-004,9.82E-005,4.57E-004,-3.3399,-3.4449,-4.0078,0.2148,T3_S4-7.P33_Ssid_T3_N_R1-2.csv
T3_S5-17,T3,S5-17,S5,D,N,R2,0.00E+000,2.88E-003,2.88E-003,-2.5402,NA,-2.5402,1.0000,T3_S5-17.P33_Ssid_T3_N_R1-2.csv
T3_S5-18,T3,S5-18,S5,D,N,R2,0.00E+000,1.35E-003,1.35E-003,-2.8699,NA,-2.8699,1.0000,T3_S5-18.P33_Ssid_T3_N_R1-2.csv
T3_S6-27,T3,S6-27,S6,D,N,R2,0.00E+000,4.59E-003,4.59E-003,-2.3384,NA,-2.3384,1.0000,T3_S6-27.P33_Ssid_T3_N_R1-2.csv
T3_S6-29,T3,S6-29,S6,D,N,R2,6.37E-005,8.04E-003,8.10E-003,-2.0916,-4.1956,-2.0950,0.9921,T3_S6-29.P33_Ssid_T3_N_R1-2.csv
T3_S1-15,T3,S1-15,S1,C,NP,R1,1.07E-004,5.30E-006,1.12E-004,-3.9497,-3.9707,-5.2761,0.0472,T3_S1-15.P31_Ssid_T3_NP_R1-2.csv
T3_S1-24,T3,S1-24,S1,C,NP,R1,9.22E-005,0.00E+000,9.22E-005,-4.0353,-4.0353,NA,0.0000,T3_S1-24.P31_Ssid_T3_NP_R1-2.csv
T3_S2-3,T3,S2-3,S2,D,NP,R1,1.50E-006,3.90E-004,3.92E-004,-3.4070,-5.8228,-3.4086,0.9962,T3_S2-3.P31_Ssid_T3_NP_R1-2.csv
T3_S2-9,T3,S2-9,S2,D,NP,R1,0.00E+000,4.32E-004,4.32E-004,-3.3646,NA,-3.3646,1.0000,T3_S2-9.P45_Ssid_ReRuns.csv
T3_S3-21,T3,S3-21,S3,DC,NP,R1,2.01E-003,7.53E-004,2.76E-003,-2.5591,-2.6973,-3.1235,0.2726,T3_S3-21.P31_Ssid_T3_NP_R1-2.csv
T3_S3-26,T3,S3-26,S3,DC,NP,R1,1.84E-004,5.70E-004,7.54E-004,-3.1224,-3.7350,-3.2438,0.7560,T3_S3-26.P31_Ssid_T3_NP_R1-2.csv
T3_S4-1,T3,S4-1,S4,C,NP,R1,2.08E-004,1.64E-006,2.10E-004,-3.6780,-3.6814,-5.7861,0.0078,T3_S4-1.P31_Ssid_T3_NP_R1-2.csv
T3_S4-2,T3,S4-2,S4,C,NP,R1,5.73E-004,3.42E-005,6.07E-004,-3.2169,-3.2420,-4.4663,0.0563,T3_S4-2.P31_Ssid_T3_NP_R1-2.csv
T3_S5-1,T3,S5-1,S5,D,NP,R1,4.26E-005,7.17E-004,7.60E-004,-3.1193,-4.3710,-3.1444,0.9440,T3_S5-1.P31_Ssid_T3_NP_R1-2.csv
T3_S5-12,T3,S5-12,S5,D,NP,R1,4.29E-006,6.71E-004,6.75E-004,-3.1707,-5.3678,-3.1735,0.9936,T3_S5-12.P31_Ssid_T3_NP_R1-2.csv
T3_S6-18,T3,S6-18,S6,D,NP,R1,0.00E+000,3.92E-003,3.92E-003,-2.4062,NA,-2.4062,1.0000,T3_S6-18.P31_Ssid_T3_NP_R1-2.csv
T3_S6-3,T3,S6-3,S6,D,NP,R1,4.43E-006,6.13E-004,6.17E-004,-3.2096,-5.3540,-3.2127,0.9928,T3_S6-3.P45_Ssid_ReRuns.csv
T3_S1-11,T3,S1-11,S1,C,NP,R2,3.21E-005,1.73E-006,3.38E-005,-4.4706,-4.4934,-5.7628,0.0510,T3_S1-11.P31_Ssid_T3_NP_R1-2.csv
T3_S1-14,T3,S1-14,S1,C,NP,R2,6.81E-005,0.00E+000,6.81E-005,-4.1668,-4.1668,NA,0.0000,T3_S1-14.P31_Ssid_T3_NP_R1-2.csv
T3_S2-13,T3,S2-13,S2,D,NP,R2,0.00E+000,4.79E-004,4.79E-004,-3.3199,NA,-3.3199,1.0000,T3_S2-13.P31_Ssid_T3_NP_R1-2.csv
T3_S2-8,T3,S2-8,S2,D,NP,R2,0.00E+000,5.37E-004,5.37E-004,-3.2701,NA,-3.2701,1.0000,T3_S2-8.P31_Ssid_T3_NP_R1-2.csv
T3_S3-17,T3,S3-17,S3,DC,NP,R2,1.20E-003,2.51E-004,1.45E-003,-2.8384,-2.9209,-3.6002,0.1731,T3_S3-17.P31_Ssid_T3_NP_R1-2.csv
T3_S3-2,T3,S3-2,S3,DC,NP,R2,3.70E-004,1.51E-004,5.21E-004,-3.2832,-3.4320,-3.8207,0.2901,T3_S3-2.P31_Ssid_T3_NP_R1-2.csv
T3_S4-16,T3,S4-16,S4,C,NP,R2,8.85E-004,9.35E-005,9.78E-004,-3.0094,-3.0531,-4.0290,0.0956,T3_S4-16.P31_Ssid_T3_NP_R1-2.csv
T3_S4-4,T3,S4-4,S4,C,NP,R2,1.30E-003,3.81E-005,1.33E-003,-2.8747,-2.8873,-4.4190,0.0286,T3_S4-4.P31_Ssid_T3_NP_R1-2.csv
T3_S5-2,T3,S5-2,S5,D,NP,R2,1.05E-005,1.15E-003,1.16E-003,-2.9362,-4.9787,-2.9402,0.9909,T3_S5-2.P31_Ssid_T3_NP_R1-2.csv
T3_S5-8,T3,S5-8,S5,D,NP,R2,2.33E-005,2.50E-004,2.73E-004,-3.5631,-4.6325,-3.6018,0.9148,T3_S5-8.P31_Ssid_T3_NP_R1-2.csv
T3_S6-31,T3,S6-31,S6,D,NP,R2,0.00E+000,2.92E-004,2.92E-004,-3.5346,NA,-3.5346,1.0000,T3_S6-31.P31_Ssid_T3_NP_R1-2.csv
T3_S6-8,T3,S6-8,S6,D,NP,R2,1.05E-005,1.66E-003,1.67E-003,-2.7783,-4.9771,-2.7811,0.9937,T3_S6-8.P31_Ssid_T3_NP_R1-2.csv
T3_S1-18,T3,S1-18,S1,D,NPF,R1,3.57E-006,7.13E-005,7.48E-005,-4.1260,-5.4472,-4.1472,0.9523,T3_S1-18.P30_Ssid_T3_NPF_R1-2.csv
T3_S1-5,T3,S1-5,S1,DC,NPF,R1,3.60E-005,2.53E-005,6.13E-005,-4.2123,-4.4435,-4.5966,0.4128,T3_S1-5.P30_Ssid_T3_NPF_R1-2.csv
T3_S2-28,T3,S2-28,S2,D,NPF,R1,0.00E+000,5.10E-004,5.10E-004,-3.2923,NA,-3.2923,1.0000,T3_S2-28.P30_Ssid_T3_NPF_R1-2.csv
T3_S2-30,T3,S2-30,S2,D,NPF,R1,0.00E+000,4.78E-004,4.78E-004,-3.3202,NA,-3.3202,1.0000,T3_S2-30.P30_Ssid_T3_NPF_R1-2.csv
T3_S3-1,T3,S3-1,S3,DC,NPF,R1,3.93E-004,9.24E-005,4.85E-004,-3.3142,-3.4060,-4.0343,0.1905,T3_S3-1.P30_Ssid_T3_NPF_R1-2.csv
T3_S3-28,T3,S3-28,S3,DC,NPF,R1,2.73E-004,7.82E-005,3.51E-004,-3.4541,-3.5634,-4.1070,0.2224,T3_S3-28.P30_Ssid_T3_NPF_R1-2.csv
T3_S4-10,T3,S4-10,S4,DC,NPF,R1,2.09E-004,3.59E-005,2.45E-004,-3.6114,-3.6803,-4.4448,0.1467,T3_S4-10.P30_Ssid_T3_NPF_R1-2.csv
T3_S4-17,T3,S4-17,S4,DC,NPF,R1,2.71E-004,2.07E-004,4.77E-004,-3.3212,-3.5675,-3.6849,0.4328,T3_S4-17.P30_Ssid_T3_NPF_R1-2.csv
T3_S5-27,T3,S5-27,S5,DC,NPF,R1,7.16E-005,2.75E-004,3.47E-004,-3.4599,-4.1448,-3.5604,0.7934,T3_S5-27.P30_Ssid_T3_NPF_R1-2.csv
T3_S5-5,T3,S5-5,S5,D,NPF,R1,9.73E-007,2.99E-004,3.00E-004,-3.5226,-6.0117,-3.5240,0.9968,T3_S5-5.P45_Ssid_ReRuns.csv
T3_S6-13,T3,S6-13,S6,D,NPF,R1,3.49E-006,3.76E-003,3.77E-003,-2.4242,-5.4578,-2.4246,0.9991,T3_S6-13.P30_Ssid_T3_NPF_R1-2.csv
T3_S6-6,T3,S6-6,S6,D,NPF,R1,8.77E-006,1.00E-003,1.01E-003,-2.9954,-5.0569,-2.9992,0.9913,T3_S6-6.P30_Ssid_T3_NPF_R1-2.csv
T3_S1-2,T3,S1-2,S1,DC,NPF,R2,2.00E-005,4.63E-006,2.47E-005,-4.6079,-4.6981,-5.3349,0.1875,T3_S1-2.P30_Ssid_T3_NPF_R1-2.csv
T3_S1-28,T3,S1-28,S1,DC,NPF,R2,1.71E-005,4.20E-005,5.91E-005,-4.2285,-4.7663,-4.3772,0.7101,T3_S1-28.P30_Ssid_T3_NPF_R1-2.csv
T3_S2-14,T3,S2-14,S2,D,NPF,R2,2.64E-007,4.05E-004,4.05E-004,-3.3922,-6.5786,-3.3924,0.9993,T3_S2-14.P30_Ssid_T3_NPF_R1-2.csv
T3_S2-23,T3,S2-23,S2,DC,NPF,R2,2.28E-004,2.97E-005,2.58E-004,-3.5888,-3.6421,-4.5266,0.1154,T3_S2-23.P30_Ssid_T3_NPF_R1-2.csv
T3_S3-16,T3,S3-16,S3,DC,NPF,R2,3.65E-004,5.68E-005,4.22E-004,-3.3746,-3.4373,-4.2455,0.1346,T3_S3-16.P30_Ssid_T3_NPF_R1-2.csv
T3_S4-13,T3,S4-13,S4,DC,NPF,R2,2.00E-004,7.02E-005,2.71E-004,-3.5677,-3.6982,-4.1538,0.2594,T3_S4-13.P30_Ssid_T3_NPF_R1-2.csv
T3_S4-18,T3,S4-18,S4,DC,NPF,R2,2.47E-004,6.87E-005,3.16E-004,-3.5007,-3.6073,-4.1628,0.2177,T3_S4-18.P30_Ssid_T3_NPF_R1-2.csv
T3_S5-19,T3,S5-19,S5,D,NPF,R2,0.00E+000,2.11E-004,2.11E-004,-3.6757,NA,-3.6757,1.0000,T3_S5-19.P30_Ssid_T3_NPF_R1-2.csv
T3_S5-21,T3,S5-21,S5,D,NPF,R2,1.64E-005,2.27E-004,2.43E-004,-3.6141,-4.7841,-3.6445,0.9324,T3_S5-21.P30_Ssid_T3_NPF_R1-2.csv
T3_S6-10,T3,S6-10,S6,D,NPF,R2,7.20E-006,1.01E-003,1.02E-003,-2.9919,-5.1429,-2.9949,0.9929,T3_S6-10.P45_Ssid_ReRuns.csv
T3_S6-25,T3,S6-25,S6,D,NPF,R2,8.18E-006,6.19E-004,6.27E-004,-3.2029,-5.0870,-3.2087,0.9869,T3_S6-25.P30_Ssid_T3_NPF_R1-2.csv
